user_id,recency_days_since_trade,monthly_trades,total_trading_volume_eur,sparplan_active
CRYPTO_USR_10000,28,6,454.66,False
CRYPTO_USR_10001,31,4,4009.12,True
CRYPTO_USR_10002,15,5,1267.05,True
CRYPTO_USR_10003,6,4,1889.09,False
CRYPTO_USR_10004,6,0,11.74,False
CRYPTO_USR_10005,33,1,748.61,True
CRYPTO_USR_10006,88,3,183.09,False
CRYPTO_USR_10007,25,5,2962.31,False
CRYPTO_USR_10008,21,6,1445.49,False
CRYPTO_USR_10009,26,3,3561.08,False
CRYPTO_USR_10010,34,5,614.93,True
CRYPTO_USR_10011,7,4,191.65,True
CRYPTO_USR_10012,28,2,423.18,True
CRYPTO_USR_10013,77,6,1879.6,False
CRYPTO_USR_10014,5,4,858.88,False
CRYPTO_USR_10015,28,2,1465.33,False
CRYPTO_USR_10016,51,4,58.73,True
CRYPTO_USR_10017,8,2,426.54,False
CRYPTO_USR_10018,58,2,906.43,False
CRYPTO_USR_10019,17,7,553.9,True
CRYPTO_USR_10020,23,3,4105.89,False
CRYPTO_USR_10021,6,7,10811.92,False
CRYPTO_USR_10022,2,5,1777.27,False
CRYPTO_USR_10023,15,4,118.14,False
CRYPTO_USR_10024,155,0,3549.06,True
CRYPTO_USR_10025,35,2,2060.63,False
CRYPTO_USR_10026,8,3,1026.93,False
CRYPTO_USR_10027,86,3,3755.32,True
CRYPTO_USR_10028,19,6,3679.59,True
CRYPTO_USR_10029,28,9,1690.15,True
CRYPTO_USR_10030,40,0,1360.4,True
CRYPTO_USR_10031,10,3,35.4,False
CRYPTO_USR_10032,59,5,107.41,False
CRYPTO_USR_10033,82,2,161.18,False
CRYPTO_USR_10034,2,4,247.35,False
CRYPTO_USR_10035,22,0,554.33,False
CRYPTO_USR_10036,15,4,2356.34,True
CRYPTO_USR_10037,10,7,9591.56,False
CRYPTO_USR_10038,16,2,458.1,True
CRYPTO_USR_10039,24,4,470.72,True
CRYPTO_USR_10040,2,2,4244.96,False
CRYPTO_USR_10041,2,2,489.27,False
CRYPTO_USR_10042,6,8,1523.52,False
CRYPTO_USR_10043,42,8,2965.76,True
CRYPTO_USR_10044,2,1,1132.7,False
CRYPTO_USR_10045,31,5,7461.98,True
CRYPTO_USR_10046,14,1,514.61,True
CRYPTO_USR_10047,16,8,986.36,True
CRYPTO_USR_10048,8,6,3556.43,False
CRYPTO_USR_10049,1,2,13031.45,False
CRYPTO_USR_10050,97,8,327.41,False
CRYPTO_USR_10051,6,2,922.61,True
CRYPTO_USR_10052,13,6,2759.05,False
CRYPTO_USR_10053,15,4,5677.15,False
CRYPTO_USR_10054,22,3,633.57,False
CRYPTO_USR_10055,24,2,1406.36,False
CRYPTO_USR_10056,1,1,3447.75,True
CRYPTO_USR_10057,90,2,150.3,True
CRYPTO_USR_10058,25,3,229.87,False
CRYPTO_USR_10059,7,2,1624.83,False
CRYPTO_USR_10060,15,1,4911.95,True
CRYPTO_USR_10061,35,2,490.88,False
CRYPTO_USR_10062,31,3,2508.8,True
CRYPTO_USR_10063,17,6,11650.27,False
CRYPTO_USR_10064,2,4,4872.49,False
CRYPTO_USR_10065,59,6,830.31,True
CRYPTO_USR_10066,50,3,7849.61,False
CRYPTO_USR_10067,0,0,3057.91,True
CRYPTO_USR_10068,30,5,220.77,True
CRYPTO_USR_10069,22,3,572.28,False
CRYPTO_USR_10070,35,5,551.71,False
CRYPTO_USR_10071,66,7,3368.66,True
CRYPTO_USR_10072,15,4,2654.2,False
CRYPTO_USR_10073,8,4,2433.27,False
CRYPTO_USR_10074,15,5,3863.68,False
CRYPTO_USR_10075,22,4,3238.85,False
CRYPTO_USR_10076,4,5,4126.41,False
CRYPTO_USR_10077,55,5,4125.4,True
CRYPTO_USR_10078,8,7,3879.59,False
CRYPTO_USR_10079,27,6,302.2,False
CRYPTO_USR_10080,55,8,3837.84,True
CRYPTO_USR_10081,37,3,726.74,False
CRYPTO_USR_10082,45,7,558.62,False
CRYPTO_USR_10083,3,0,3702.65,False
CRYPTO_USR_10084,7,5,655.41,False
CRYPTO_USR_10085,7,1,43.11,True
CRYPTO_USR_10086,11,8,589.12,False
CRYPTO_USR_10087,14,0,7148.21,False
CRYPTO_USR_10088,78,9,354.07,False
CRYPTO_USR_10089,8,8,206.53,False
CRYPTO_USR_10090,36,2,1289.26,False
CRYPTO_USR_10091,24,7,529.2,False
CRYPTO_USR_10092,0,6,2287.68,False
CRYPTO_USR_10093,31,2,815.23,True
CRYPTO_USR_10094,30,3,3391.16,False
CRYPTO_USR_10095,9,6,666.05,False
CRYPTO_USR_10096,14,3,981.89,False
CRYPTO_USR_10097,31,5,4195.87,False
CRYPTO_USR_10098,10,4,608.68,False
CRYPTO_USR_10099,24,4,1914.04,False
CRYPTO_USR_10100,16,4,4166.03,False
CRYPTO_USR_10101,5,6,159.49,False
CRYPTO_USR_10102,28,1,2503.54,False
CRYPTO_USR_10103,7,8,399.7,True
CRYPTO_USR_10104,7,0,136.11,False
CRYPTO_USR_10105,27,4,389.18,False
CRYPTO_USR_10106,19,4,10.01,False
CRYPTO_USR_10107,41,7,202.87,False
CRYPTO_USR_10108,5,7,92.74,True
CRYPTO_USR_10109,52,3,1097.38,False
CRYPTO_USR_10110,30,7,5393.74,False
CRYPTO_USR_10111,26,3,2286.68,False
CRYPTO_USR_10112,49,0,2450.22,False
CRYPTO_USR_10113,8,2,511.22,False
CRYPTO_USR_10114,40,0,577.85,True
CRYPTO_USR_10115,9,3,570.71,True
CRYPTO_USR_10116,21,5,2131.21,False
CRYPTO_USR_10117,1,5,942.43,False
CRYPTO_USR_10118,15,4,4233.92,False
CRYPTO_USR_10119,33,6,3497.47,False
CRYPTO_USR_10120,13,6,2520.53,False
CRYPTO_USR_10121,85,4,977.47,False
CRYPTO_USR_10122,22,2,445.9,False
CRYPTO_USR_10123,0,3,737.4,False
CRYPTO_USR_10124,14,5,245.77,False
CRYPTO_USR_10125,0,6,901.64,False
CRYPTO_USR_10126,0,3,1114.81,True
CRYPTO_USR_10127,13,3,428.09,True
CRYPTO_USR_10128,40,1,3210.01,True
CRYPTO_USR_10129,2,7,35.23,False
CRYPTO_USR_10130,260,2,2735.55,False
CRYPTO_USR_10131,39,7,5378.39,True
CRYPTO_USR_10132,0,4,1992.64,False
CRYPTO_USR_10133,6,5,2163.94,False
CRYPTO_USR_10134,5,0,218.95,False
CRYPTO_USR_10135,93,1,205.92,True
CRYPTO_USR_10136,10,1,909.48,False
CRYPTO_USR_10137,2,0,2111.7,False
CRYPTO_USR_10138,3,4,1651.18,True
CRYPTO_USR_10139,115,0,2747.12,True
CRYPTO_USR_10140,15,2,751.29,False
CRYPTO_USR_10141,48,6,200.76,False
CRYPTO_USR_10142,28,6,1029.23,False
CRYPTO_USR_10143,94,0,566.68,False
CRYPTO_USR_10144,21,1,2363.65,True
CRYPTO_USR_10145,53,4,3197.28,True
CRYPTO_USR_10146,59,4,1696.43,True
CRYPTO_USR_10147,0,6,3426.29,True
CRYPTO_USR_10148,6,4,3821.28,False
CRYPTO_USR_10149,9,2,18.37,False
CRYPTO_USR_10150,2,3,2555.1,False
CRYPTO_USR_10151,29,1,1214.92,False
CRYPTO_USR_10152,2,4,658.04,False
CRYPTO_USR_10153,17,7,1362.57,False
CRYPTO_USR_10154,38,2,568.74,True
CRYPTO_USR_10155,3,7,385.05,True
CRYPTO_USR_10156,21,4,438.91,False
CRYPTO_USR_10157,36,2,6759.57,False
CRYPTO_USR_10158,9,5,464.58,True
CRYPTO_USR_10159,0,5,1374.95,True
CRYPTO_USR_10160,102,0,242.99,False
CRYPTO_USR_10161,18,2,3710.45,False
CRYPTO_USR_10162,17,2,94.94,False
CRYPTO_USR_10163,18,4,3107.92,False
CRYPTO_USR_10164,2,3,290.84,False
CRYPTO_USR_10165,10,3,9184.4,True
CRYPTO_USR_10166,40,0,460.4,False
CRYPTO_USR_10167,16,1,1052.44,False
CRYPTO_USR_10168,129,3,1693.19,False
CRYPTO_USR_10169,82,7,419.27,True
CRYPTO_USR_10170,30,5,140.46,True
CRYPTO_USR_10171,16,5,1621.69,True
CRYPTO_USR_10172,7,3,1089.35,False
CRYPTO_USR_10173,72,0,2790.64,False
CRYPTO_USR_10174,30,6,1415.69,False
CRYPTO_USR_10175,66,3,3154.2,True
CRYPTO_USR_10176,5,2,1515.83,True
CRYPTO_USR_10177,3,8,2100.47,False
CRYPTO_USR_10178,80,1,150.95,True
CRYPTO_USR_10179,15,4,700.35,True
CRYPTO_USR_10180,2,8,1541.04,False
CRYPTO_USR_10181,217,3,2008.08,True
CRYPTO_USR_10182,1,4,1897.46,False
CRYPTO_USR_10183,5,1,1584.49,False
CRYPTO_USR_10184,18,6,729.77,False
CRYPTO_USR_10185,54,5,720.33,False
CRYPTO_USR_10186,9,8,1437.7,False
CRYPTO_USR_10187,10,2,702.88,False
CRYPTO_USR_10188,14,0,1929.51,False
CRYPTO_USR_10189,14,3,373.93,True
CRYPTO_USR_10190,39,1,409.68,False
CRYPTO_USR_10191,73,1,1037.63,False
CRYPTO_USR_10192,3,7,492.32,True
CRYPTO_USR_10193,22,3,1446.34,True
CRYPTO_USR_10194,136,6,224.92,False
CRYPTO_USR_10195,19,2,2269.63,False
CRYPTO_USR_10196,8,7,502.84,False
CRYPTO_USR_10197,13,0,4588.84,False
CRYPTO_USR_10198,59,5,2809.22,False
CRYPTO_USR_10199,76,2,1275.74,False
CRYPTO_USR_10200,9,3,12266.22,False
CRYPTO_USR_10201,4,7,1392.21,True
CRYPTO_USR_10202,22,1,698.9,True
CRYPTO_USR_10203,33,3,1526.69,True
CRYPTO_USR_10204,41,8,2198.79,False
CRYPTO_USR_10205,13,5,1961.49,False
CRYPTO_USR_10206,110,3,1255.93,False
CRYPTO_USR_10207,57,4,3731.37,False
CRYPTO_USR_10208,20,0,949.67,False
CRYPTO_USR_10209,4,5,1141.05,False
CRYPTO_USR_10210,11,2,3436.13,False
CRYPTO_USR_10211,54,0,860.49,True
CRYPTO_USR_10212,35,4,65.81,True
CRYPTO_USR_10213,27,0,4567.34,False
CRYPTO_USR_10214,38,3,1807.98,False
CRYPTO_USR_10215,16,4,2131.51,False
CRYPTO_USR_10216,1,4,845.55,True
CRYPTO_USR_10217,21,2,1502.18,False
CRYPTO_USR_10218,5,8,1740.28,True
CRYPTO_USR_10219,68,6,278.02,False
CRYPTO_USR_10220,8,4,2939.18,False
CRYPTO_USR_10221,31,4,309.5,False
CRYPTO_USR_10222,11,1,993.93,True
CRYPTO_USR_10223,52,2,399.9,False
CRYPTO_USR_10224,18,4,1539.4,False
CRYPTO_USR_10225,9,7,6865.55,False
CRYPTO_USR_10226,8,0,2457.35,True
CRYPTO_USR_10227,26,2,1235.92,False
CRYPTO_USR_10228,9,5,781.85,False
CRYPTO_USR_10229,27,0,2038.45,False
CRYPTO_USR_10230,30,6,4206.99,False
CRYPTO_USR_10231,10,1,1046.32,False
CRYPTO_USR_10232,36,5,2477.28,True
CRYPTO_USR_10233,3,5,1395.44,False
CRYPTO_USR_10234,21,8,534.63,False
CRYPTO_USR_10235,18,1,2956.35,False
CRYPTO_USR_10236,11,9,273.07,False
CRYPTO_USR_10237,55,8,2318.65,False
CRYPTO_USR_10238,95,5,2815.02,True
CRYPTO_USR_10239,21,1,1091.84,False
CRYPTO_USR_10240,31,0,5072.92,True
CRYPTO_USR_10241,7,1,45.62,False
CRYPTO_USR_10242,23,5,117.55,False
CRYPTO_USR_10243,67,3,647.66,False
CRYPTO_USR_10244,4,6,1221.31,True
CRYPTO_USR_10245,61,3,262.43,False
CRYPTO_USR_10246,31,3,977.8,False
CRYPTO_USR_10247,4,0,964.7,True
CRYPTO_USR_10248,18,0,59.87,True
CRYPTO_USR_10249,16,7,5412.42,False
CRYPTO_USR_10250,2,2,6857.25,True
CRYPTO_USR_10251,14,1,378.87,True
CRYPTO_USR_10252,52,0,1847.51,False
CRYPTO_USR_10253,0,5,2781.9,True
CRYPTO_USR_10254,3,3,2607.91,True
CRYPTO_USR_10255,6,3,3668.19,True
CRYPTO_USR_10256,4,4,3518.63,True
CRYPTO_USR_10257,3,4,519.4,True
CRYPTO_USR_10258,30,4,2809.03,True
CRYPTO_USR_10259,10,4,344.63,True
CRYPTO_USR_10260,37,0,1164.12,False
CRYPTO_USR_10261,20,3,207.85,False
CRYPTO_USR_10262,81,8,3631.07,False
CRYPTO_USR_10263,17,5,5984.94,True
CRYPTO_USR_10264,18,1,1212.97,False
CRYPTO_USR_10265,2,6,151.63,False
CRYPTO_USR_10266,1,3,1430.75,True
CRYPTO_USR_10267,146,7,1361.17,False
CRYPTO_USR_10268,26,7,3448.64,False
CRYPTO_USR_10269,41,6,2296.75,True
CRYPTO_USR_10270,16,4,1087.59,False
CRYPTO_USR_10271,2,6,1001.62,False
CRYPTO_USR_10272,13,7,125.09,False
CRYPTO_USR_10273,2,8,182.79,False
CRYPTO_USR_10274,46,1,1484.27,True
CRYPTO_USR_10275,3,3,785.4,False
CRYPTO_USR_10276,38,6,6218.2,False
CRYPTO_USR_10277,12,1,1552.6,True
CRYPTO_USR_10278,29,4,3360.14,True
CRYPTO_USR_10279,40,5,1536.39,False
CRYPTO_USR_10280,52,8,1711.46,False
CRYPTO_USR_10281,0,3,4763.27,False
CRYPTO_USR_10282,8,5,665.27,True
CRYPTO_USR_10283,0,7,3670.5,False
CRYPTO_USR_10284,14,6,56.05,False
CRYPTO_USR_10285,6,6,979.99,True
CRYPTO_USR_10286,12,3,1509.1,True
CRYPTO_USR_10287,1,0,308.29,False
CRYPTO_USR_10288,31,3,1196.77,False
CRYPTO_USR_10289,8,7,2531.28,True
CRYPTO_USR_10290,15,3,1200.17,False
CRYPTO_USR_10291,1,7,905.33,False
CRYPTO_USR_10292,0,3,265.7,True
CRYPTO_USR_10293,11,5,13.97,False
CRYPTO_USR_10294,5,1,1248.61,False
CRYPTO_USR_10295,45,6,134.65,False
CRYPTO_USR_10296,1,9,3566.34,False
CRYPTO_USR_10297,23,4,2225.07,False
CRYPTO_USR_10298,3,6,2908.93,False
CRYPTO_USR_10299,49,4,4541.14,True
CRYPTO_USR_10300,52,4,1336.07,False
CRYPTO_USR_10301,10,7,746.6,True
CRYPTO_USR_10302,5,2,1283.85,False
CRYPTO_USR_10303,12,4,2339.41,False
CRYPTO_USR_10304,47,4,395.53,False
CRYPTO_USR_10305,39,5,1918.24,True
CRYPTO_USR_10306,41,0,2567.89,False
CRYPTO_USR_10307,72,4,1496.23,False
CRYPTO_USR_10308,27,6,294.56,True
CRYPTO_USR_10309,16,1,649.28,True
CRYPTO_USR_10310,1,2,1082.38,True
CRYPTO_USR_10311,49,4,143.7,False
CRYPTO_USR_10312,54,1,1118.2,False
CRYPTO_USR_10313,43,2,4071.92,False
CRYPTO_USR_10314,46,2,1162.0,True
CRYPTO_USR_10315,1,2,196.67,False
CRYPTO_USR_10316,11,3,340.95,True
CRYPTO_USR_10317,16,1,1041.82,False
CRYPTO_USR_10318,4,2,945.99,True
CRYPTO_USR_10319,25,5,2802.55,False
CRYPTO_USR_10320,1,7,601.7,False
CRYPTO_USR_10321,29,6,4262.6,False
CRYPTO_USR_10322,11,3,774.91,False
CRYPTO_USR_10323,33,3,895.52,False
CRYPTO_USR_10324,77,3,2823.47,False
CRYPTO_USR_10325,31,6,3178.53,False
CRYPTO_USR_10326,32,0,991.11,True
CRYPTO_USR_10327,12,3,357.79,True
CRYPTO_USR_10328,82,2,266.39,True
CRYPTO_USR_10329,52,4,191.93,False
CRYPTO_USR_10330,50,4,739.12,False
CRYPTO_USR_10331,3,3,850.97,True
CRYPTO_USR_10332,49,4,325.75,False
CRYPTO_USR_10333,14,0,2030.64,True
CRYPTO_USR_10334,16,3,1072.6,False
CRYPTO_USR_10335,10,8,2976.33,False
CRYPTO_USR_10336,50,0,7493.47,False
CRYPTO_USR_10337,9,8,865.91,False
CRYPTO_USR_10338,94,6,268.13,True
CRYPTO_USR_10339,28,0,3730.32,False
CRYPTO_USR_10340,3,6,604.01,False
CRYPTO_USR_10341,8,0,4242.79,True
CRYPTO_USR_10342,16,5,1079.8,True
CRYPTO_USR_10343,0,3,98.51,False
CRYPTO_USR_10344,7,6,51.47,False
CRYPTO_USR_10345,51,4,1889.48,False
CRYPTO_USR_10346,4,3,2143.74,True
CRYPTO_USR_10347,34,8,1071.54,True
CRYPTO_USR_10348,2,4,1432.54,False
CRYPTO_USR_10349,21,8,212.16,True
CRYPTO_USR_10350,10,6,2842.9,False
CRYPTO_USR_10351,3,4,4239.77,False
CRYPTO_USR_10352,0,2,278.98,False
CRYPTO_USR_10353,26,4,495.32,False
CRYPTO_USR_10354,30,10,126.14,False
CRYPTO_USR_10355,19,7,8011.55,False
CRYPTO_USR_10356,13,0,7137.71,True
CRYPTO_USR_10357,0,4,2796.52,True
CRYPTO_USR_10358,36,1,2391.72,True
CRYPTO_USR_10359,1,1,1421.44,False
CRYPTO_USR_10360,5,4,2139.7,False
CRYPTO_USR_10361,46,1,117.32,False
CRYPTO_USR_10362,17,3,400.47,True
CRYPTO_USR_10363,75,4,1303.92,False
CRYPTO_USR_10364,21,4,381.75,True
CRYPTO_USR_10365,42,8,3615.14,True
CRYPTO_USR_10366,3,0,2447.78,False
CRYPTO_USR_10367,13,8,6550.35,False
CRYPTO_USR_10368,19,6,2907.35,False
CRYPTO_USR_10369,2,2,1660.4,False
CRYPTO_USR_10370,22,3,1946.73,True
CRYPTO_USR_10371,25,5,999.59,False
CRYPTO_USR_10372,12,9,782.51,False
CRYPTO_USR_10373,8,5,7044.1,False
CRYPTO_USR_10374,2,2,2906.88,False
CRYPTO_USR_10375,85,2,277.31,False
CRYPTO_USR_10376,42,5,2713.32,True
CRYPTO_USR_10377,13,4,1507.65,False
CRYPTO_USR_10378,31,6,2592.09,False
CRYPTO_USR_10379,21,3,913.6,False
CRYPTO_USR_10380,8,7,1244.23,False
CRYPTO_USR_10381,23,6,546.32,True
CRYPTO_USR_10382,16,6,4468.78,False
CRYPTO_USR_10383,3,4,3449.06,False
CRYPTO_USR_10384,64,3,2061.87,False
CRYPTO_USR_10385,10,4,768.29,True
CRYPTO_USR_10386,21,7,2239.44,False
CRYPTO_USR_10387,28,1,2841.13,False
CRYPTO_USR_10388,3,4,2812.37,True
CRYPTO_USR_10389,22,5,828.56,False
CRYPTO_USR_10390,22,3,666.07,False
CRYPTO_USR_10391,35,3,1342.63,False
CRYPTO_USR_10392,48,10,1850.7,False
CRYPTO_USR_10393,31,7,760.28,False
CRYPTO_USR_10394,42,3,6100.57,False
CRYPTO_USR_10395,67,2,102.61,True
CRYPTO_USR_10396,4,5,2224.03,True
CRYPTO_USR_10397,79,6,4055.56,False
CRYPTO_USR_10398,8,2,240.71,True
CRYPTO_USR_10399,21,1,1256.95,True
CRYPTO_USR_10400,79,6,2295.41,False
CRYPTO_USR_10401,51,7,1492.63,False
CRYPTO_USR_10402,0,7,1547.72,False
CRYPTO_USR_10403,40,5,969.95,False
CRYPTO_USR_10404,19,2,5649.21,False
CRYPTO_USR_10405,45,2,2079.28,True
CRYPTO_USR_10406,2,6,1191.84,True
CRYPTO_USR_10407,26,5,674.66,False
CRYPTO_USR_10408,37,8,252.26,True
CRYPTO_USR_10409,23,0,691.85,False
CRYPTO_USR_10410,8,4,617.02,False
CRYPTO_USR_10411,26,5,513.68,False
CRYPTO_USR_10412,4,2,675.01,False
CRYPTO_USR_10413,19,7,1301.47,False
CRYPTO_USR_10414,10,10,1267.37,False
CRYPTO_USR_10415,6,5,783.44,True
CRYPTO_USR_10416,19,6,1144.78,False
CRYPTO_USR_10417,52,1,1014.75,False
CRYPTO_USR_10418,36,4,921.23,False
CRYPTO_USR_10419,6,1,1450.25,True
CRYPTO_USR_10420,19,4,8132.65,False
CRYPTO_USR_10421,3,2,6645.96,False
CRYPTO_USR_10422,44,1,2531.44,True
CRYPTO_USR_10423,19,9,1247.95,True
CRYPTO_USR_10424,4,2,1099.12,False
CRYPTO_USR_10425,20,6,715.4,False
CRYPTO_USR_10426,4,8,640.05,True
CRYPTO_USR_10427,49,3,1368.02,False
CRYPTO_USR_10428,9,5,2016.48,False
CRYPTO_USR_10429,24,2,2868.02,False
CRYPTO_USR_10430,32,6,6144.11,False
CRYPTO_USR_10431,41,4,1551.39,False
CRYPTO_USR_10432,24,5,1740.4,False
CRYPTO_USR_10433,4,7,2055.08,True
CRYPTO_USR_10434,82,4,677.57,True
CRYPTO_USR_10435,32,4,950.89,False
CRYPTO_USR_10436,70,7,115.75,True
CRYPTO_USR_10437,6,1,707.61,False
CRYPTO_USR_10438,20,3,4377.29,True
CRYPTO_USR_10439,12,5,2661.06,False
CRYPTO_USR_10440,28,3,384.34,True
CRYPTO_USR_10441,22,0,458.5,False
CRYPTO_USR_10442,9,3,2197.33,True
CRYPTO_USR_10443,12,5,4884.43,False
CRYPTO_USR_10444,8,6,859.58,False
CRYPTO_USR_10445,47,6,5566.39,False
CRYPTO_USR_10446,9,3,765.37,False
CRYPTO_USR_10447,8,8,1173.88,True
CRYPTO_USR_10448,21,7,265.78,False
CRYPTO_USR_10449,24,2,499.82,False
CRYPTO_USR_10450,21,3,959.84,False
CRYPTO_USR_10451,2,3,2651.42,True
CRYPTO_USR_10452,22,6,4920.95,False
CRYPTO_USR_10453,18,3,400.43,False
CRYPTO_USR_10454,10,0,168.69,False
CRYPTO_USR_10455,21,0,2311.49,False
CRYPTO_USR_10456,68,6,347.99,False
CRYPTO_USR_10457,164,8,910.49,False
CRYPTO_USR_10458,77,9,3768.27,True
CRYPTO_USR_10459,23,2,204.31,False
CRYPTO_USR_10460,9,7,1225.88,False
CRYPTO_USR_10461,53,3,1136.07,True
CRYPTO_USR_10462,3,5,535.35,True
CRYPTO_USR_10463,37,6,2815.76,False
CRYPTO_USR_10464,39,6,4092.19,False
CRYPTO_USR_10465,20,8,163.32,False
CRYPTO_USR_10466,5,5,513.15,True
CRYPTO_USR_10467,7,5,2522.58,False
CRYPTO_USR_10468,10,4,1908.72,False
CRYPTO_USR_10469,1,3,226.47,True
CRYPTO_USR_10470,14,0,2188.62,True
CRYPTO_USR_10471,3,4,4461.29,True
CRYPTO_USR_10472,26,4,299.29,False
CRYPTO_USR_10473,26,5,967.66,False
CRYPTO_USR_10474,17,0,443.57,True
CRYPTO_USR_10475,39,3,3716.34,True
CRYPTO_USR_10476,16,3,1494.9,True
CRYPTO_USR_10477,22,3,1267.53,False
CRYPTO_USR_10478,4,2,222.43,True
CRYPTO_USR_10479,24,6,171.62,False
CRYPTO_USR_10480,46,1,1098.49,True
CRYPTO_USR_10481,17,5,2960.33,False
CRYPTO_USR_10482,14,5,1554.28,True
CRYPTO_USR_10483,11,0,118.59,False
CRYPTO_USR_10484,76,9,58.05,False
CRYPTO_USR_10485,41,6,2613.06,False
CRYPTO_USR_10486,29,0,867.68,False
CRYPTO_USR_10487,66,7,847.87,False
CRYPTO_USR_10488,30,0,769.24,True
CRYPTO_USR_10489,21,3,1354.61,False
CRYPTO_USR_10490,7,4,637.81,False
CRYPTO_USR_10491,22,4,1366.46,False
CRYPTO_USR_10492,7,3,4988.08,False
CRYPTO_USR_10493,3,5,2984.38,False
CRYPTO_USR_10494,40,4,415.39,True
CRYPTO_USR_10495,0,3,1639.38,False
CRYPTO_USR_10496,1,4,480.63,True
CRYPTO_USR_10497,55,1,104.58,False
CRYPTO_USR_10498,9,5,691.29,False
CRYPTO_USR_10499,31,0,695.95,True
CRYPTO_USR_10500,4,3,643.3,True
CRYPTO_USR_10501,83,2,3812.19,False
CRYPTO_USR_10502,27,1,6454.75,False
CRYPTO_USR_10503,31,5,2773.56,True
CRYPTO_USR_10504,15,5,2527.41,False
CRYPTO_USR_10505,52,6,643.91,False
CRYPTO_USR_10506,45,6,6183.65,False
CRYPTO_USR_10507,4,2,500.77,True
CRYPTO_USR_10508,29,8,174.64,False
CRYPTO_USR_10509,5,1,562.69,False
CRYPTO_USR_10510,25,5,2581.58,False
CRYPTO_USR_10511,22,3,1174.97,False
CRYPTO_USR_10512,11,4,4980.89,False
CRYPTO_USR_10513,3,4,13961.53,False
CRYPTO_USR_10514,7,2,4439.87,False
CRYPTO_USR_10515,41,3,862.39,False
CRYPTO_USR_10516,12,3,1237.89,True
CRYPTO_USR_10517,111,7,1141.05,False
CRYPTO_USR_10518,68,2,1488.12,True
CRYPTO_USR_10519,4,6,543.87,False
CRYPTO_USR_10520,24,2,720.5,True
CRYPTO_USR_10521,50,4,1245.15,False
CRYPTO_USR_10522,32,3,6113.62,False
CRYPTO_USR_10523,18,8,331.57,False
CRYPTO_USR_10524,5,3,4477.87,False
CRYPTO_USR_10525,28,1,108.95,True
CRYPTO_USR_10526,52,7,2601.65,False
CRYPTO_USR_10527,51,2,473.81,False
CRYPTO_USR_10528,0,1,1731.43,False
CRYPTO_USR_10529,26,4,1188.19,False
CRYPTO_USR_10530,0,3,1356.81,True
CRYPTO_USR_10531,106,4,31.12,False
CRYPTO_USR_10532,31,6,203.74,True
CRYPTO_USR_10533,4,0,383.6,False
CRYPTO_USR_10534,47,3,840.4,False
CRYPTO_USR_10535,23,6,8331.75,True
CRYPTO_USR_10536,32,6,3516.25,False
CRYPTO_USR_10537,2,1,858.33,False
CRYPTO_USR_10538,1,5,1247.16,False
CRYPTO_USR_10539,42,4,1501.88,False
CRYPTO_USR_10540,2,3,427.53,False
CRYPTO_USR_10541,61,4,1161.56,True
CRYPTO_USR_10542,2,8,1492.18,True
CRYPTO_USR_10543,73,1,679.65,False
CRYPTO_USR_10544,24,4,914.38,True
CRYPTO_USR_10545,4,0,495.11,False
CRYPTO_USR_10546,13,5,2536.18,True
CRYPTO_USR_10547,124,2,2318.31,False
CRYPTO_USR_10548,102,6,3283.8,True
CRYPTO_USR_10549,41,5,5576.31,False
CRYPTO_USR_10550,41,6,8827.86,False
CRYPTO_USR_10551,12,4,5098.76,False
CRYPTO_USR_10552,31,3,1735.11,False
CRYPTO_USR_10553,34,3,154.08,True
CRYPTO_USR_10554,34,1,685.42,True
CRYPTO_USR_10555,0,1,663.4,True
CRYPTO_USR_10556,8,5,1072.33,False
CRYPTO_USR_10557,14,5,47.9,True
CRYPTO_USR_10558,2,2,875.74,True
CRYPTO_USR_10559,13,2,159.31,False
CRYPTO_USR_10560,65,7,334.49,False
CRYPTO_USR_10561,4,3,644.93,False
CRYPTO_USR_10562,1,1,1191.77,True
CRYPTO_USR_10563,8,5,509.66,False
CRYPTO_USR_10564,25,4,654.03,False
CRYPTO_USR_10565,11,5,1742.56,False
CRYPTO_USR_10566,11,1,3532.69,False
CRYPTO_USR_10567,4,8,695.95,False
CRYPTO_USR_10568,6,1,6236.9,True
CRYPTO_USR_10569,33,10,1215.58,False
CRYPTO_USR_10570,7,0,898.42,True
CRYPTO_USR_10571,23,7,1614.68,False
CRYPTO_USR_10572,32,0,1114.55,False
CRYPTO_USR_10573,16,2,619.86,False
CRYPTO_USR_10574,47,4,1245.16,False
CRYPTO_USR_10575,7,1,1934.79,False
CRYPTO_USR_10576,43,11,1174.42,False
CRYPTO_USR_10577,19,7,4555.16,False
CRYPTO_USR_10578,21,4,4065.45,False
CRYPTO_USR_10579,28,1,159.86,False
CRYPTO_USR_10580,30,1,81.55,False
CRYPTO_USR_10581,31,7,918.34,False
CRYPTO_USR_10582,94,3,538.92,False
CRYPTO_USR_10583,20,4,1563.72,False
CRYPTO_USR_10584,16,0,1598.7,False
CRYPTO_USR_10585,11,6,44.76,True
CRYPTO_USR_10586,15,5,5084.54,True
CRYPTO_USR_10587,10,3,1093.64,True
CRYPTO_USR_10588,18,1,2147.83,True
CRYPTO_USR_10589,9,4,2991.08,True
CRYPTO_USR_10590,52,1,323.19,False
CRYPTO_USR_10591,7,1,345.08,True
CRYPTO_USR_10592,22,5,934.69,True
CRYPTO_USR_10593,28,3,1018.57,True
CRYPTO_USR_10594,26,5,886.3,False
CRYPTO_USR_10595,6,7,2512.15,False
CRYPTO_USR_10596,1,8,372.55,True
CRYPTO_USR_10597,17,7,547.72,False
CRYPTO_USR_10598,21,2,1700.94,False
CRYPTO_USR_10599,11,1,3361.82,False
CRYPTO_USR_10600,47,3,1715.71,True
CRYPTO_USR_10601,4,2,225.73,True
CRYPTO_USR_10602,5,3,975.05,True
CRYPTO_USR_10603,13,1,369.89,False
CRYPTO_USR_10604,33,0,1457.07,False
CRYPTO_USR_10605,4,0,679.9,False
CRYPTO_USR_10606,1,3,264.24,False
CRYPTO_USR_10607,92,4,1267.35,False
CRYPTO_USR_10608,32,0,1207.44,True
CRYPTO_USR_10609,0,6,2576.75,True
CRYPTO_USR_10610,8,2,1100.23,False
CRYPTO_USR_10611,40,3,1436.22,True
CRYPTO_USR_10612,3,4,822.72,False
CRYPTO_USR_10613,1,0,2284.79,False
CRYPTO_USR_10614,128,7,2505.04,True
CRYPTO_USR_10615,203,7,1075.23,True
CRYPTO_USR_10616,47,0,2690.04,True
CRYPTO_USR_10617,46,7,1595.79,True
CRYPTO_USR_10618,34,3,269.88,True
CRYPTO_USR_10619,6,3,110.15,True
CRYPTO_USR_10620,9,2,2191.64,True
CRYPTO_USR_10621,8,3,3513.68,False
CRYPTO_USR_10622,31,9,2772.61,False
CRYPTO_USR_10623,136,7,3631.98,True
CRYPTO_USR_10624,56,4,3173.52,False
CRYPTO_USR_10625,31,8,1210.11,False
CRYPTO_USR_10626,8,1,1807.39,False
CRYPTO_USR_10627,2,5,1304.77,True
CRYPTO_USR_10628,77,0,713.59,True
CRYPTO_USR_10629,41,8,2375.05,False
CRYPTO_USR_10630,17,2,117.76,False
CRYPTO_USR_10631,6,2,1010.69,True
CRYPTO_USR_10632,8,5,1552.67,False
CRYPTO_USR_10633,18,2,758.16,False
CRYPTO_USR_10634,1,7,1107.74,True
CRYPTO_USR_10635,54,6,1047.81,True
CRYPTO_USR_10636,88,5,254.63,False
CRYPTO_USR_10637,4,7,4858.15,True
CRYPTO_USR_10638,29,4,4214.39,True
CRYPTO_USR_10639,14,6,656.24,False
CRYPTO_USR_10640,7,2,1.96,False
CRYPTO_USR_10641,3,0,461.57,False
CRYPTO_USR_10642,0,2,7984.52,False
CRYPTO_USR_10643,3,0,132.23,False
CRYPTO_USR_10644,36,5,3831.37,True
CRYPTO_USR_10645,41,5,2518.21,True
CRYPTO_USR_10646,138,6,15.32,False
CRYPTO_USR_10647,16,6,2307.04,False
CRYPTO_USR_10648,4,0,3538.52,True
CRYPTO_USR_10649,2,6,2513.03,False
CRYPTO_USR_10650,13,6,271.13,True
CRYPTO_USR_10651,2,3,1450.95,False
CRYPTO_USR_10652,26,4,3389.7,False
CRYPTO_USR_10653,10,0,1312.72,False
CRYPTO_USR_10654,38,3,4107.47,False
CRYPTO_USR_10655,19,5,215.32,False
CRYPTO_USR_10656,25,0,7800.86,False
CRYPTO_USR_10657,3,2,3549.5,False
CRYPTO_USR_10658,12,2,5560.22,False
CRYPTO_USR_10659,0,0,125.86,True
CRYPTO_USR_10660,1,8,1271.62,False
CRYPTO_USR_10661,19,5,966.39,False
CRYPTO_USR_10662,2,0,584.99,True
CRYPTO_USR_10663,20,3,408.87,False
CRYPTO_USR_10664,21,1,3238.1,False
CRYPTO_USR_10665,1,6,2159.22,False
CRYPTO_USR_10666,52,5,1026.03,False
CRYPTO_USR_10667,26,4,666.06,False
CRYPTO_USR_10668,37,7,2176.17,True
CRYPTO_USR_10669,85,6,1332.45,False
CRYPTO_USR_10670,35,4,2734.65,True
CRYPTO_USR_10671,60,5,2656.65,True
CRYPTO_USR_10672,46,4,2242.65,False
CRYPTO_USR_10673,2,5,1093.2,True
CRYPTO_USR_10674,19,2,530.15,True
CRYPTO_USR_10675,23,3,2309.29,True
CRYPTO_USR_10676,19,8,504.8,False
CRYPTO_USR_10677,13,5,292.71,False
CRYPTO_USR_10678,54,0,2429.35,False
CRYPTO_USR_10679,10,2,968.93,False
CRYPTO_USR_10680,8,6,1255.03,False
CRYPTO_USR_10681,5,5,2936.46,False
CRYPTO_USR_10682,86,6,597.08,False
CRYPTO_USR_10683,11,5,1449.72,True
CRYPTO_USR_10684,6,2,1754.57,False
CRYPTO_USR_10685,25,3,1223.92,False
CRYPTO_USR_10686,6,7,506.17,True
CRYPTO_USR_10687,14,1,477.48,True
CRYPTO_USR_10688,51,8,2.63,False
CRYPTO_USR_10689,52,0,2338.33,True
CRYPTO_USR_10690,21,4,111.17,False
CRYPTO_USR_10691,34,7,175.76,False
CRYPTO_USR_10692,63,0,838.8,False
CRYPTO_USR_10693,2,3,180.82,True
CRYPTO_USR_10694,48,7,1027.62,False
CRYPTO_USR_10695,7,5,544.4,True
CRYPTO_USR_10696,45,2,689.06,True
CRYPTO_USR_10697,2,0,407.77,False
CRYPTO_USR_10698,24,5,1129.43,False
CRYPTO_USR_10699,21,5,6015.64,True
CRYPTO_USR_10700,10,4,308.73,False
CRYPTO_USR_10701,49,5,2148.52,True
CRYPTO_USR_10702,50,3,513.56,True
CRYPTO_USR_10703,20,5,2035.21,True
CRYPTO_USR_10704,130,6,1083.32,False
CRYPTO_USR_10705,8,4,1115.96,False
CRYPTO_USR_10706,4,8,7288.93,True
CRYPTO_USR_10707,48,4,838.07,False
CRYPTO_USR_10708,28,2,3015.53,True
CRYPTO_USR_10709,1,3,4190.15,False
CRYPTO_USR_10710,3,8,725.03,True
CRYPTO_USR_10711,17,1,331.04,False
CRYPTO_USR_10712,48,3,2069.15,True
CRYPTO_USR_10713,6,4,372.98,True
CRYPTO_USR_10714,60,7,507.74,True
CRYPTO_USR_10715,14,4,1440.07,True
CRYPTO_USR_10716,9,5,3887.65,False
CRYPTO_USR_10717,27,5,2916.61,False
CRYPTO_USR_10718,127,4,1415.52,False
CRYPTO_USR_10719,68,1,1256.3,False
CRYPTO_USR_10720,5,3,4069.99,False
CRYPTO_USR_10721,1,5,8588.49,False
CRYPTO_USR_10722,40,10,189.92,False
CRYPTO_USR_10723,8,4,3049.87,False
CRYPTO_USR_10724,1,5,3373.36,False
CRYPTO_USR_10725,12,4,3289.92,False
CRYPTO_USR_10726,5,0,2152.97,False
CRYPTO_USR_10727,0,1,2170.52,False
CRYPTO_USR_10728,23,2,7962.06,False
CRYPTO_USR_10729,18,3,665.45,False
CRYPTO_USR_10730,2,4,1345.49,True
CRYPTO_USR_10731,69,5,404.96,True
CRYPTO_USR_10732,35,8,703.72,True
CRYPTO_USR_10733,24,1,4484.91,False
CRYPTO_USR_10734,52,8,841.95,False
CRYPTO_USR_10735,14,0,191.71,True
CRYPTO_USR_10736,4,7,2825.03,False
CRYPTO_USR_10737,29,9,344.53,False
CRYPTO_USR_10738,33,8,454.72,False
CRYPTO_USR_10739,5,2,659.65,False
CRYPTO_USR_10740,3,3,5346.05,False
CRYPTO_USR_10741,144,0,6043.82,True
CRYPTO_USR_10742,25,9,449.3,False
CRYPTO_USR_10743,77,1,272.83,False
CRYPTO_USR_10744,7,5,3898.1,True
CRYPTO_USR_10745,34,4,1834.49,False
CRYPTO_USR_10746,16,4,126.36,True
CRYPTO_USR_10747,3,6,2.31,False
CRYPTO_USR_10748,36,9,1222.93,True
CRYPTO_USR_10749,22,3,192.51,False
CRYPTO_USR_10750,55,1,319.54,True
CRYPTO_USR_10751,52,1,628.97,True
CRYPTO_USR_10752,84,5,847.33,False
CRYPTO_USR_10753,22,4,4111.2,True
CRYPTO_USR_10754,25,2,56.67,False
CRYPTO_USR_10755,5,2,3969.06,True
CRYPTO_USR_10756,2,4,2150.41,False
CRYPTO_USR_10757,36,5,554.84,True
CRYPTO_USR_10758,7,7,3297.01,True
CRYPTO_USR_10759,12,5,1004.27,True
CRYPTO_USR_10760,30,2,46.93,True
CRYPTO_USR_10761,9,3,153.88,False
CRYPTO_USR_10762,10,1,1947.37,True
CRYPTO_USR_10763,21,5,367.96,False
CRYPTO_USR_10764,12,2,1126.07,True
CRYPTO_USR_10765,8,4,114.52,False
CRYPTO_USR_10766,30,6,1403.43,False
CRYPTO_USR_10767,24,5,1451.78,False
CRYPTO_USR_10768,47,1,3629.9,False
CRYPTO_USR_10769,59,5,1164.18,True
CRYPTO_USR_10770,65,3,4152.86,False
CRYPTO_USR_10771,31,1,1742.95,True
CRYPTO_USR_10772,39,7,6446.62,False
CRYPTO_USR_10773,3,10,991.01,False
CRYPTO_USR_10774,16,7,3233.55,True
CRYPTO_USR_10775,67,4,4419.78,True
CRYPTO_USR_10776,13,2,581.83,False
CRYPTO_USR_10777,57,5,2779.84,False
CRYPTO_USR_10778,20,1,288.73,False
CRYPTO_USR_10779,39,5,5053.67,False
CRYPTO_USR_10780,23,5,1380.75,True
CRYPTO_USR_10781,14,5,869.32,False
CRYPTO_USR_10782,26,6,279.56,False
CRYPTO_USR_10783,33,4,71.2,False
CRYPTO_USR_10784,11,4,4565.2,False
CRYPTO_USR_10785,0,8,3060.68,True
CRYPTO_USR_10786,9,0,186.09,False
CRYPTO_USR_10787,4,4,6584.64,False
CRYPTO_USR_10788,48,3,1866.96,True
CRYPTO_USR_10789,6,6,3126.78,False
CRYPTO_USR_10790,39,7,1303.49,True
CRYPTO_USR_10791,10,0,1272.3,True
CRYPTO_USR_10792,53,4,385.45,False
CRYPTO_USR_10793,50,3,516.6,False
CRYPTO_USR_10794,70,3,3122.05,False
CRYPTO_USR_10795,28,2,238.04,True
CRYPTO_USR_10796,13,2,3679.07,False
CRYPTO_USR_10797,12,3,321.38,False
CRYPTO_USR_10798,38,3,879.63,True
CRYPTO_USR_10799,23,2,6030.1,False
CRYPTO_USR_10800,29,3,948.24,True
CRYPTO_USR_10801,42,2,2626.52,True
CRYPTO_USR_10802,67,2,15.3,True
CRYPTO_USR_10803,45,1,656.11,False
CRYPTO_USR_10804,28,2,771.84,True
CRYPTO_USR_10805,17,5,2035.28,False
CRYPTO_USR_10806,14,6,1954.37,False
CRYPTO_USR_10807,13,5,1876.06,False
CRYPTO_USR_10808,9,4,8016.1,False
CRYPTO_USR_10809,55,4,544.78,False
CRYPTO_USR_10810,62,3,2610.34,False
CRYPTO_USR_10811,45,5,2918.39,False
CRYPTO_USR_10812,30,2,1917.67,False
CRYPTO_USR_10813,8,0,976.06,False
CRYPTO_USR_10814,1,3,379.11,False
CRYPTO_USR_10815,7,1,1376.88,False
CRYPTO_USR_10816,66,2,3360.67,False
CRYPTO_USR_10817,58,1,359.71,True
CRYPTO_USR_10818,3,3,2590.83,True
CRYPTO_USR_10819,31,8,736.06,True
CRYPTO_USR_10820,12,4,2792.87,True
CRYPTO_USR_10821,8,2,626.78,False
CRYPTO_USR_10822,17,6,5198.03,True
CRYPTO_USR_10823,61,1,1249.38,False
CRYPTO_USR_10824,13,3,3466.43,True
CRYPTO_USR_10825,6,4,947.28,False
CRYPTO_USR_10826,66,2,2263.71,False
CRYPTO_USR_10827,18,4,1794.69,True
CRYPTO_USR_10828,28,6,2577.78,True
CRYPTO_USR_10829,40,4,1210.53,False
CRYPTO_USR_10830,2,1,929.7,False
CRYPTO_USR_10831,13,1,69.22,True
CRYPTO_USR_10832,13,6,3224.04,True
CRYPTO_USR_10833,31,4,1773.61,True
CRYPTO_USR_10834,33,3,870.8,False
CRYPTO_USR_10835,5,5,3125.49,True
CRYPTO_USR_10836,9,3,742.03,False
CRYPTO_USR_10837,151,0,755.4,False
CRYPTO_USR_10838,12,6,4506.38,False
CRYPTO_USR_10839,7,9,2338.02,True
CRYPTO_USR_10840,37,2,821.95,False
CRYPTO_USR_10841,1,3,3765.37,True
CRYPTO_USR_10842,21,11,1952.32,False
CRYPTO_USR_10843,0,6,2106.68,False
CRYPTO_USR_10844,13,1,299.17,False
CRYPTO_USR_10845,27,3,644.89,False
CRYPTO_USR_10846,30,3,265.55,False
CRYPTO_USR_10847,3,7,2283.42,True
CRYPTO_USR_10848,3,5,401.09,True
CRYPTO_USR_10849,20,5,405.43,False
CRYPTO_USR_10850,9,7,419.05,False
CRYPTO_USR_10851,11,4,4.94,False
CRYPTO_USR_10852,66,6,290.72,True
CRYPTO_USR_10853,20,1,2314.39,True
CRYPTO_USR_10854,8,5,631.82,False
CRYPTO_USR_10855,2,11,345.62,True
CRYPTO_USR_10856,9,4,2414.65,True
CRYPTO_USR_10857,39,2,84.56,False
CRYPTO_USR_10858,30,5,1036.34,False
CRYPTO_USR_10859,59,6,175.61,False
CRYPTO_USR_10860,5,0,571.0,False
CRYPTO_USR_10861,53,7,2896.08,False
CRYPTO_USR_10862,44,7,108.79,False
CRYPTO_USR_10863,4,6,968.22,False
CRYPTO_USR_10864,45,3,859.74,True
CRYPTO_USR_10865,0,2,2076.27,False
CRYPTO_USR_10866,101,8,215.71,False
CRYPTO_USR_10867,1,8,545.92,True
CRYPTO_USR_10868,34,2,1547.2,False
CRYPTO_USR_10869,106,0,1994.74,True
CRYPTO_USR_10870,20,3,1950.95,True
CRYPTO_USR_10871,11,3,2030.26,False
CRYPTO_USR_10872,51,0,101.0,False
CRYPTO_USR_10873,4,1,3401.02,False
CRYPTO_USR_10874,57,6,496.1,False
CRYPTO_USR_10875,1,5,453.49,False
CRYPTO_USR_10876,14,4,2908.38,False
CRYPTO_USR_10877,54,6,1066.54,True
CRYPTO_USR_10878,19,3,956.89,False
CRYPTO_USR_10879,0,3,171.53,False
CRYPTO_USR_10880,27,3,417.14,False
CRYPTO_USR_10881,84,7,812.74,True
CRYPTO_USR_10882,7,1,1740.51,False
CRYPTO_USR_10883,29,5,2265.26,True
CRYPTO_USR_10884,39,4,3188.29,False
CRYPTO_USR_10885,9,6,1328.6,False
CRYPTO_USR_10886,1,4,2271.24,False
CRYPTO_USR_10887,3,5,1698.83,True
CRYPTO_USR_10888,74,2,2737.09,False
CRYPTO_USR_10889,3,5,963.43,False
CRYPTO_USR_10890,50,0,1077.76,False
CRYPTO_USR_10891,87,1,260.29,False
CRYPTO_USR_10892,21,9,3285.38,False
CRYPTO_USR_10893,19,5,4572.66,True
CRYPTO_USR_10894,24,4,882.09,False
CRYPTO_USR_10895,60,2,1262.52,False
CRYPTO_USR_10896,108,7,575.37,False
CRYPTO_USR_10897,98,2,1085.44,True
CRYPTO_USR_10898,14,2,639.22,False
CRYPTO_USR_10899,55,0,2239.85,False
CRYPTO_USR_10900,28,5,617.95,True
CRYPTO_USR_10901,31,7,7166.04,False
CRYPTO_USR_10902,88,0,700.51,True
CRYPTO_USR_10903,12,4,1178.35,False
CRYPTO_USR_10904,30,0,3314.34,True
CRYPTO_USR_10905,52,6,2973.33,False
CRYPTO_USR_10906,0,6,401.44,False
CRYPTO_USR_10907,4,7,607.92,True
CRYPTO_USR_10908,51,3,2521.39,True
CRYPTO_USR_10909,47,2,194.62,False
CRYPTO_USR_10910,37,6,1482.97,True
CRYPTO_USR_10911,42,1,2886.42,True
CRYPTO_USR_10912,30,6,5651.37,False
CRYPTO_USR_10913,10,3,1445.83,True
CRYPTO_USR_10914,8,1,3674.03,False
CRYPTO_USR_10915,67,1,2195.14,False
CRYPTO_USR_10916,39,0,2694.18,False
CRYPTO_USR_10917,9,3,351.57,False
CRYPTO_USR_10918,5,5,852.35,False
CRYPTO_USR_10919,22,6,250.81,False
CRYPTO_USR_10920,8,2,302.74,True
CRYPTO_USR_10921,10,7,93.95,False
CRYPTO_USR_10922,26,2,1530.39,True
CRYPTO_USR_10923,42,1,688.53,True
CRYPTO_USR_10924,5,6,967.93,False
CRYPTO_USR_10925,2,5,450.0,True
CRYPTO_USR_10926,11,3,2514.55,False
CRYPTO_USR_10927,159,5,3123.9,False
CRYPTO_USR_10928,0,2,4227.47,False
CRYPTO_USR_10929,27,1,5745.01,False
CRYPTO_USR_10930,10,9,877.6,False
CRYPTO_USR_10931,9,1,4361.22,False
CRYPTO_USR_10932,13,5,80.72,False
CRYPTO_USR_10933,5,1,1298.39,False
CRYPTO_USR_10934,5,7,13.24,True
CRYPTO_USR_10935,31,3,2673.67,False
CRYPTO_USR_10936,15,6,2183.68,False
CRYPTO_USR_10937,41,6,1872.08,False
CRYPTO_USR_10938,38,5,725.47,True
CRYPTO_USR_10939,1,6,2845.66,False
CRYPTO_USR_10940,23,4,883.94,False
CRYPTO_USR_10941,15,6,30.66,False
CRYPTO_USR_10942,21,2,2538.77,False
CRYPTO_USR_10943,33,1,135.65,False
CRYPTO_USR_10944,3,4,162.86,False
CRYPTO_USR_10945,16,2,904.89,False
CRYPTO_USR_10946,17,2,892.66,False
CRYPTO_USR_10947,22,3,5800.03,True
CRYPTO_USR_10948,31,8,2352.3,True
CRYPTO_USR_10949,83,1,1451.47,False
CRYPTO_USR_10950,3,7,1386.64,False
CRYPTO_USR_10951,10,4,2483.11,False
CRYPTO_USR_10952,11,1,1293.43,True
CRYPTO_USR_10953,6,6,3240.51,True
CRYPTO_USR_10954,5,5,3431.55,False
CRYPTO_USR_10955,144,0,1113.36,False
CRYPTO_USR_10956,9,5,2327.63,False
CRYPTO_USR_10957,11,4,246.98,False
CRYPTO_USR_10958,2,0,688.34,False
CRYPTO_USR_10959,26,0,656.67,False
CRYPTO_USR_10960,23,2,1006.48,True
CRYPTO_USR_10961,7,5,450.75,False
CRYPTO_USR_10962,16,4,2376.73,False
CRYPTO_USR_10963,17,3,799.78,True
CRYPTO_USR_10964,22,5,3318.93,False
CRYPTO_USR_10965,4,7,1392.35,True
CRYPTO_USR_10966,60,5,33.85,False
CRYPTO_USR_10967,0,4,1569.62,False
CRYPTO_USR_10968,24,6,1411.38,False
CRYPTO_USR_10969,17,2,2686.56,True
CRYPTO_USR_10970,7,4,619.02,False
CRYPTO_USR_10971,19,0,909.87,False
CRYPTO_USR_10972,30,6,1713.62,True
CRYPTO_USR_10973,20,0,1063.78,True
CRYPTO_USR_10974,83,0,2396.7,False
CRYPTO_USR_10975,12,0,444.51,False
CRYPTO_USR_10976,1,3,416.96,False
CRYPTO_USR_10977,12,4,1141.67,False
CRYPTO_USR_10978,1,6,2189.71,False
CRYPTO_USR_10979,49,3,3241.86,True
CRYPTO_USR_10980,22,5,818.28,False
CRYPTO_USR_10981,50,7,1308.67,True
CRYPTO_USR_10982,66,1,3641.09,False
CRYPTO_USR_10983,18,3,1668.37,False
CRYPTO_USR_10984,4,4,1856.44,True
CRYPTO_USR_10985,5,5,809.58,False
CRYPTO_USR_10986,3,4,2292.98,False
CRYPTO_USR_10987,18,8,425.9,True
CRYPTO_USR_10988,50,4,1533.8,True
CRYPTO_USR_10989,27,4,71.96,False
CRYPTO_USR_10990,1,4,5716.4,False
CRYPTO_USR_10991,23,5,33.83,False
CRYPTO_USR_10992,30,3,1073.5,False
CRYPTO_USR_10993,56,5,336.62,False
CRYPTO_USR_10994,25,5,361.35,False
CRYPTO_USR_10995,8,0,2318.46,True
CRYPTO_USR_10996,16,2,876.39,True
CRYPTO_USR_10997,6,3,3533.76,False
CRYPTO_USR_10998,15,4,1162.83,False
CRYPTO_USR_10999,1,5,2757.36,False
CRYPTO_USR_11000,3,2,1665.03,False
CRYPTO_USR_11001,63,4,2683.94,False
CRYPTO_USR_11002,20,3,1358.34,True
CRYPTO_USR_11003,45,4,2805.36,False
CRYPTO_USR_11004,24,3,2147.5,True
CRYPTO_USR_11005,4,0,1167.2,True
CRYPTO_USR_11006,54,3,945.61,True
CRYPTO_USR_11007,34,9,2804.22,False
CRYPTO_USR_11008,3,7,2095.21,True
CRYPTO_USR_11009,12,4,302.68,False
CRYPTO_USR_11010,8,5,819.26,True
CRYPTO_USR_11011,31,2,2531.49,False
CRYPTO_USR_11012,42,1,1457.07,True
CRYPTO_USR_11013,10,4,759.85,False
CRYPTO_USR_11014,37,6,2479.66,False
CRYPTO_USR_11015,33,1,317.69,True
CRYPTO_USR_11016,14,2,2149.58,False
CRYPTO_USR_11017,4,6,6012.37,True
CRYPTO_USR_11018,2,7,1028.88,True
CRYPTO_USR_11019,7,8,150.16,True
CRYPTO_USR_11020,13,7,1324.92,False
CRYPTO_USR_11021,25,3,5244.34,False
CRYPTO_USR_11022,28,2,1925.44,False
CRYPTO_USR_11023,9,4,61.54,False
CRYPTO_USR_11024,20,4,66.11,True
CRYPTO_USR_11025,0,5,308.37,False
CRYPTO_USR_11026,42,2,1587.75,False
CRYPTO_USR_11027,37,6,127.95,True
CRYPTO_USR_11028,9,6,770.14,False
CRYPTO_USR_11029,9,0,1678.19,True
CRYPTO_USR_11030,74,2,941.02,True
CRYPTO_USR_11031,2,3,627.29,False
CRYPTO_USR_11032,45,9,3019.38,False
CRYPTO_USR_11033,33,2,6089.45,False
CRYPTO_USR_11034,41,4,1105.3,False
CRYPTO_USR_11035,24,0,49.92,True
CRYPTO_USR_11036,1,0,2033.7,True
CRYPTO_USR_11037,10,0,5599.88,False
CRYPTO_USR_11038,0,5,175.72,False
CRYPTO_USR_11039,48,2,142.33,False
CRYPTO_USR_11040,18,0,564.2,False
CRYPTO_USR_11041,32,8,4332.85,False
CRYPTO_USR_11042,6,3,416.98,True
CRYPTO_USR_11043,8,0,1735.02,True
CRYPTO_USR_11044,3,7,1960.08,False
CRYPTO_USR_11045,40,2,1403.53,True
CRYPTO_USR_11046,18,2,7603.36,False
CRYPTO_USR_11047,56,2,1214.86,False
CRYPTO_USR_11048,69,3,1547.27,True
CRYPTO_USR_11049,44,5,1171.26,False
CRYPTO_USR_11050,19,1,345.83,False
CRYPTO_USR_11051,33,6,1109.37,False
CRYPTO_USR_11052,0,5,708.64,False
CRYPTO_USR_11053,8,7,1431.58,True
CRYPTO_USR_11054,17,2,1243.24,True
CRYPTO_USR_11055,33,2,838.27,False
CRYPTO_USR_11056,9,4,1543.98,True
CRYPTO_USR_11057,2,5,566.35,True
CRYPTO_USR_11058,15,3,5756.04,True
CRYPTO_USR_11059,45,5,349.78,False
CRYPTO_USR_11060,151,5,2294.94,False
CRYPTO_USR_11061,9,1,1486.53,False
CRYPTO_USR_11062,14,3,3025.86,False
CRYPTO_USR_11063,27,3,1075.63,True
CRYPTO_USR_11064,12,0,536.44,True
CRYPTO_USR_11065,3,2,3636.33,False
CRYPTO_USR_11066,6,0,345.26,False
CRYPTO_USR_11067,12,2,2013.09,False
CRYPTO_USR_11068,37,6,607.69,False
CRYPTO_USR_11069,4,2,330.14,False
CRYPTO_USR_11070,11,1,3401.67,True
CRYPTO_USR_11071,4,1,466.3,True
CRYPTO_USR_11072,9,3,569.56,False
CRYPTO_USR_11073,55,7,812.24,False
CRYPTO_USR_11074,94,2,42.07,False
CRYPTO_USR_11075,30,5,5077.31,False
CRYPTO_USR_11076,2,4,118.65,False
CRYPTO_USR_11077,22,5,48.09,False
CRYPTO_USR_11078,40,5,303.74,False
CRYPTO_USR_11079,60,5,666.27,True
CRYPTO_USR_11080,9,3,3282.05,True
CRYPTO_USR_11081,30,3,3543.75,True
CRYPTO_USR_11082,18,7,572.44,False
CRYPTO_USR_11083,97,3,2152.94,True
CRYPTO_USR_11084,25,1,1494.14,False
CRYPTO_USR_11085,28,1,667.03,True
CRYPTO_USR_11086,21,5,819.66,True
CRYPTO_USR_11087,10,1,0.17,False
CRYPTO_USR_11088,52,2,15.03,False
CRYPTO_USR_11089,82,6,1166.94,True
CRYPTO_USR_11090,15,3,13.04,True
CRYPTO_USR_11091,14,5,1480.03,False
CRYPTO_USR_11092,4,3,855.7,True
CRYPTO_USR_11093,15,1,492.95,False
CRYPTO_USR_11094,67,5,603.04,False
CRYPTO_USR_11095,46,0,958.62,False
CRYPTO_USR_11096,5,3,1730.93,True
CRYPTO_USR_11097,27,7,374.39,True
CRYPTO_USR_11098,1,2,194.2,True
CRYPTO_USR_11099,35,3,2337.62,True
CRYPTO_USR_11100,4,1,672.03,False
CRYPTO_USR_11101,173,4,1121.46,False
CRYPTO_USR_11102,11,7,103.81,False
CRYPTO_USR_11103,2,0,1143.28,True
CRYPTO_USR_11104,51,6,234.12,False
CRYPTO_USR_11105,8,0,2655.03,False
CRYPTO_USR_11106,37,6,2653.23,False
CRYPTO_USR_11107,112,4,1152.4,False
CRYPTO_USR_11108,10,2,77.58,False
CRYPTO_USR_11109,20,7,525.8,False
CRYPTO_USR_11110,6,7,442.13,True
CRYPTO_USR_11111,28,0,706.18,True
CRYPTO_USR_11112,9,7,16.15,True
CRYPTO_USR_11113,42,7,1160.77,False
CRYPTO_USR_11114,12,5,172.53,False
CRYPTO_USR_11115,74,4,10440.39,False
CRYPTO_USR_11116,1,1,2821.78,True
CRYPTO_USR_11117,7,1,7199.15,False
CRYPTO_USR_11118,39,5,385.9,False
CRYPTO_USR_11119,12,1,260.49,False
CRYPTO_USR_11120,18,2,2149.46,True
CRYPTO_USR_11121,5,4,768.95,False
CRYPTO_USR_11122,9,6,1455.49,True
CRYPTO_USR_11123,4,0,630.92,True
CRYPTO_USR_11124,12,7,857.69,True
CRYPTO_USR_11125,0,4,3498.69,False
CRYPTO_USR_11126,7,3,1393.67,False
CRYPTO_USR_11127,20,0,1238.86,False
CRYPTO_USR_11128,26,2,210.7,False
CRYPTO_USR_11129,1,7,3245.37,True
CRYPTO_USR_11130,57,5,187.16,False
CRYPTO_USR_11131,50,6,1930.89,False
CRYPTO_USR_11132,33,4,1676.32,True
CRYPTO_USR_11133,74,6,421.43,False
CRYPTO_USR_11134,61,8,112.72,False
CRYPTO_USR_11135,77,6,967.99,True
CRYPTO_USR_11136,34,5,74.7,True
CRYPTO_USR_11137,10,2,5207.83,False
CRYPTO_USR_11138,2,3,378.1,False
CRYPTO_USR_11139,8,1,1767.05,True
CRYPTO_USR_11140,38,3,1832.11,True
CRYPTO_USR_11141,17,4,1969.83,False
CRYPTO_USR_11142,5,5,741.16,True
CRYPTO_USR_11143,180,6,1053.38,True
CRYPTO_USR_11144,10,6,836.58,False
CRYPTO_USR_11145,15,4,2329.46,False
CRYPTO_USR_11146,23,5,4690.22,True
CRYPTO_USR_11147,91,8,1067.94,False
CRYPTO_USR_11148,36,7,1312.2,False
CRYPTO_USR_11149,10,3,642.87,True
CRYPTO_USR_11150,54,8,2106.5,True
CRYPTO_USR_11151,22,4,1462.79,False
CRYPTO_USR_11152,4,6,268.15,True
CRYPTO_USR_11153,24,4,477.47,False
CRYPTO_USR_11154,2,0,2385.47,False
CRYPTO_USR_11155,44,7,341.7,False
CRYPTO_USR_11156,32,0,1627.99,True
CRYPTO_USR_11157,36,1,1545.64,True
CRYPTO_USR_11158,1,4,3058.28,False
CRYPTO_USR_11159,56,1,3669.44,True
CRYPTO_USR_11160,29,3,2704.43,False
CRYPTO_USR_11161,10,3,75.7,False
CRYPTO_USR_11162,4,2,93.31,False
CRYPTO_USR_11163,13,4,1061.82,False
CRYPTO_USR_11164,19,4,902.53,True
CRYPTO_USR_11165,2,6,1525.19,True
CRYPTO_USR_11166,14,6,2675.6,True
CRYPTO_USR_11167,4,5,1474.89,False
CRYPTO_USR_11168,29,5,2394.99,True
CRYPTO_USR_11169,2,7,2699.21,True
CRYPTO_USR_11170,72,7,991.53,True
CRYPTO_USR_11171,10,6,1621.98,True
CRYPTO_USR_11172,10,7,8318.19,False
CRYPTO_USR_11173,4,3,82.65,False
CRYPTO_USR_11174,6,1,3448.3,True
CRYPTO_USR_11175,1,7,5354.59,False
CRYPTO_USR_11176,56,4,2130.3,True
CRYPTO_USR_11177,16,3,41.42,True
CRYPTO_USR_11178,21,5,538.73,False
CRYPTO_USR_11179,36,7,274.3,False
CRYPTO_USR_11180,0,1,80.02,True
CRYPTO_USR_11181,9,2,2802.22,False
CRYPTO_USR_11182,1,4,885.74,True
CRYPTO_USR_11183,53,3,1942.39,False
CRYPTO_USR_11184,0,6,473.19,False
CRYPTO_USR_11185,105,1,188.86,True
CRYPTO_USR_11186,56,2,1250.01,False
CRYPTO_USR_11187,73,3,39.1,True
CRYPTO_USR_11188,21,2,307.43,True
CRYPTO_USR_11189,12,6,1766.6,True
CRYPTO_USR_11190,107,0,1769.3,False
CRYPTO_USR_11191,61,4,3035.94,True
CRYPTO_USR_11192,22,3,4094.51,False
CRYPTO_USR_11193,2,5,866.88,False
CRYPTO_USR_11194,26,2,494.84,True
CRYPTO_USR_11195,98,2,4329.02,True
CRYPTO_USR_11196,21,4,1403.06,False
CRYPTO_USR_11197,55,5,665.3,False
CRYPTO_USR_11198,20,9,6696.81,True
CRYPTO_USR_11199,75,10,4482.48,True
CRYPTO_USR_11200,22,5,687.84,False
CRYPTO_USR_11201,36,3,2610.04,False
CRYPTO_USR_11202,14,1,4886.28,False
CRYPTO_USR_11203,75,5,575.86,False
CRYPTO_USR_11204,3,5,1704.06,True
CRYPTO_USR_11205,23,8,472.59,True
CRYPTO_USR_11206,32,1,1165.34,False
CRYPTO_USR_11207,25,7,2240.75,True
CRYPTO_USR_11208,53,2,386.56,True
CRYPTO_USR_11209,40,4,27.23,True
CRYPTO_USR_11210,14,3,2552.21,True
CRYPTO_USR_11211,73,0,7636.41,False
CRYPTO_USR_11212,18,2,510.13,False
CRYPTO_USR_11213,1,6,2392.7,False
CRYPTO_USR_11214,10,1,1621.66,False
CRYPTO_USR_11215,58,1,2782.96,False
CRYPTO_USR_11216,16,4,9866.46,False
CRYPTO_USR_11217,14,3,2391.6,False
CRYPTO_USR_11218,20,3,619.47,False
CRYPTO_USR_11219,10,3,3164.51,False
CRYPTO_USR_11220,15,3,1309.82,True
CRYPTO_USR_11221,49,3,1081.67,False
CRYPTO_USR_11222,3,5,2143.99,True
CRYPTO_USR_11223,14,0,1079.01,True
CRYPTO_USR_11224,24,3,1091.5,True
CRYPTO_USR_11225,32,2,4278.43,False
CRYPTO_USR_11226,35,5,1074.14,True
CRYPTO_USR_11227,20,5,872.37,False
CRYPTO_USR_11228,20,6,862.23,False
CRYPTO_USR_11229,68,3,1500.37,False
CRYPTO_USR_11230,4,5,2240.93,False
CRYPTO_USR_11231,10,3,2634.73,False
CRYPTO_USR_11232,27,5,408.09,False
CRYPTO_USR_11233,8,5,1104.62,False
CRYPTO_USR_11234,21,9,488.97,False
CRYPTO_USR_11235,18,4,950.2,True
CRYPTO_USR_11236,25,4,1740.54,False
CRYPTO_USR_11237,48,7,90.28,True
CRYPTO_USR_11238,29,8,1979.28,False
CRYPTO_USR_11239,9,5,4554.99,True
CRYPTO_USR_11240,15,5,1699.93,False
CRYPTO_USR_11241,25,7,2786.23,True
CRYPTO_USR_11242,17,0,175.95,True
CRYPTO_USR_11243,12,1,857.39,True
CRYPTO_USR_11244,15,2,260.1,False
CRYPTO_USR_11245,8,3,1347.79,False
CRYPTO_USR_11246,33,3,2354.99,False
CRYPTO_USR_11247,122,3,1189.79,False
CRYPTO_USR_11248,76,6,1689.57,True
CRYPTO_USR_11249,20,4,9545.75,True
CRYPTO_USR_11250,3,1,1798.71,False
CRYPTO_USR_11251,5,3,1692.15,False
CRYPTO_USR_11252,108,4,1767.71,True
CRYPTO_USR_11253,52,4,2893.07,False
CRYPTO_USR_11254,14,2,1826.53,True
CRYPTO_USR_11255,6,6,595.38,False
CRYPTO_USR_11256,10,1,11.07,False
CRYPTO_USR_11257,11,4,2319.83,False
CRYPTO_USR_11258,0,5,742.31,False
CRYPTO_USR_11259,69,6,2872.45,False
CRYPTO_USR_11260,18,0,1385.92,True
CRYPTO_USR_11261,42,0,961.84,False
CRYPTO_USR_11262,50,2,682.33,False
CRYPTO_USR_11263,6,8,2082.15,False
CRYPTO_USR_11264,61,0,592.46,True
CRYPTO_USR_11265,115,9,1772.76,False
CRYPTO_USR_11266,23,1,3599.06,False
CRYPTO_USR_11267,34,6,679.69,True
CRYPTO_USR_11268,14,2,1082.36,False
CRYPTO_USR_11269,6,4,647.99,True
CRYPTO_USR_11270,43,5,1055.85,True
CRYPTO_USR_11271,18,0,1247.86,True
CRYPTO_USR_11272,72,3,2689.25,True
CRYPTO_USR_11273,57,1,3108.15,False
CRYPTO_USR_11274,31,6,1107.03,False
CRYPTO_USR_11275,20,7,7.41,False
CRYPTO_USR_11276,32,3,1132.2,True
CRYPTO_USR_11277,20,3,1936.49,True
CRYPTO_USR_11278,24,2,696.52,True
CRYPTO_USR_11279,9,9,691.94,False
CRYPTO_USR_11280,3,5,27.67,False
CRYPTO_USR_11281,20,5,416.52,True
CRYPTO_USR_11282,10,6,599.5,True
CRYPTO_USR_11283,2,7,1710.02,True
CRYPTO_USR_11284,16,6,2025.82,True
CRYPTO_USR_11285,1,6,1000.69,True
CRYPTO_USR_11286,25,0,2163.35,False
CRYPTO_USR_11287,10,1,3061.24,False
CRYPTO_USR_11288,31,0,2537.16,False
CRYPTO_USR_11289,3,2,3016.53,False
CRYPTO_USR_11290,17,0,2229.51,False
CRYPTO_USR_11291,7,5,456.01,False
CRYPTO_USR_11292,26,6,2164.84,False
CRYPTO_USR_11293,43,2,3852.9,False
CRYPTO_USR_11294,0,1,1113.28,True
CRYPTO_USR_11295,40,4,1669.42,True
CRYPTO_USR_11296,3,6,709.8,False
CRYPTO_USR_11297,44,0,1369.59,False
CRYPTO_USR_11298,14,1,6561.91,False
CRYPTO_USR_11299,11,2,3026.8,False
CRYPTO_USR_11300,42,0,1415.55,True
CRYPTO_USR_11301,30,5,145.97,False
CRYPTO_USR_11302,23,0,1118.86,False
CRYPTO_USR_11303,48,4,348.83,False
CRYPTO_USR_11304,2,7,2655.96,True
CRYPTO_USR_11305,19,7,1942.73,True
CRYPTO_USR_11306,47,8,1819.74,True
CRYPTO_USR_11307,4,0,290.88,False
CRYPTO_USR_11308,13,2,2059.53,True
CRYPTO_USR_11309,23,3,4399.56,True
CRYPTO_USR_11310,80,0,759.6,True
CRYPTO_USR_11311,0,7,7738.7,False
CRYPTO_USR_11312,3,3,1432.86,True
CRYPTO_USR_11313,34,6,3094.19,True
CRYPTO_USR_11314,55,5,2180.53,False
CRYPTO_USR_11315,10,2,868.58,False
CRYPTO_USR_11316,22,2,375.36,False
CRYPTO_USR_11317,72,1,3298.23,True
CRYPTO_USR_11318,167,3,134.01,True
CRYPTO_USR_11319,35,3,1200.42,False
CRYPTO_USR_11320,129,7,967.69,False
CRYPTO_USR_11321,43,6,1669.37,False
CRYPTO_USR_11322,5,1,1076.26,True
CRYPTO_USR_11323,5,4,1670.02,False
CRYPTO_USR_11324,52,4,952.3,False
CRYPTO_USR_11325,12,7,6889.29,False
CRYPTO_USR_11326,34,6,2111.02,True
CRYPTO_USR_11327,36,6,7396.56,False
CRYPTO_USR_11328,42,3,3971.71,True
CRYPTO_USR_11329,17,4,2436.44,False
CRYPTO_USR_11330,2,1,674.45,True
CRYPTO_USR_11331,11,0,2713.42,False
CRYPTO_USR_11332,20,0,983.67,False
CRYPTO_USR_11333,44,4,614.48,True
CRYPTO_USR_11334,71,4,1492.99,True
CRYPTO_USR_11335,17,0,333.4,True
CRYPTO_USR_11336,129,5,608.43,True
CRYPTO_USR_11337,19,0,3432.24,True
CRYPTO_USR_11338,3,3,25.75,True
CRYPTO_USR_11339,5,9,1612.66,True
CRYPTO_USR_11340,16,4,2171.81,False
CRYPTO_USR_11341,44,2,3565.09,True
CRYPTO_USR_11342,2,7,301.34,False
CRYPTO_USR_11343,141,8,2648.3,True
CRYPTO_USR_11344,16,3,2386.11,True
CRYPTO_USR_11345,28,2,2535.25,True
CRYPTO_USR_11346,5,2,2467.82,False
CRYPTO_USR_11347,21,5,859.89,False
CRYPTO_USR_11348,18,7,21.48,False
CRYPTO_USR_11349,16,8,2042.53,False
CRYPTO_USR_11350,32,9,1826.14,False
CRYPTO_USR_11351,15,5,4502.79,False
CRYPTO_USR_11352,11,4,1912.16,False
CRYPTO_USR_11353,41,5,2488.8,False
CRYPTO_USR_11354,24,4,2109.75,True
CRYPTO_USR_11355,22,6,2010.94,False
CRYPTO_USR_11356,0,5,1062.88,True
CRYPTO_USR_11357,9,4,386.15,True
CRYPTO_USR_11358,2,7,3248.27,False
CRYPTO_USR_11359,28,2,2216.27,True
CRYPTO_USR_11360,54,6,4142.8,False
CRYPTO_USR_11361,95,6,4074.08,False
CRYPTO_USR_11362,8,0,1832.89,False
CRYPTO_USR_11363,9,5,1002.31,False
CRYPTO_USR_11364,41,3,138.38,False
CRYPTO_USR_11365,13,5,728.01,True
CRYPTO_USR_11366,87,3,1218.11,False
CRYPTO_USR_11367,26,6,353.8,False
CRYPTO_USR_11368,4,4,1855.74,False
CRYPTO_USR_11369,35,2,196.24,True
CRYPTO_USR_11370,23,4,4082.95,True
CRYPTO_USR_11371,28,6,4862.66,False
CRYPTO_USR_11372,8,2,1538.68,False
CRYPTO_USR_11373,78,0,1214.42,False
CRYPTO_USR_11374,52,5,1398.26,True
CRYPTO_USR_11375,86,0,3066.52,False
CRYPTO_USR_11376,23,6,2061.34,False
CRYPTO_USR_11377,28,3,5741.81,True
CRYPTO_USR_11378,21,5,1107.93,False
CRYPTO_USR_11379,29,3,349.8,True
CRYPTO_USR_11380,13,5,4082.05,False
CRYPTO_USR_11381,12,7,159.63,False
CRYPTO_USR_11382,37,5,2289.66,False
CRYPTO_USR_11383,18,5,117.12,False
CRYPTO_USR_11384,10,0,1073.84,False
CRYPTO_USR_11385,1,3,103.84,False
CRYPTO_USR_11386,1,7,1981.01,False
CRYPTO_USR_11387,31,7,3732.3,True
CRYPTO_USR_11388,24,4,274.81,False
CRYPTO_USR_11389,17,3,4502.28,True
CRYPTO_USR_11390,33,5,92.25,True
CRYPTO_USR_11391,44,5,1096.46,True
CRYPTO_USR_11392,25,4,1237.41,False
CRYPTO_USR_11393,6,3,2937.52,False
CRYPTO_USR_11394,46,7,705.44,False
CRYPTO_USR_11395,24,3,265.9,False
CRYPTO_USR_11396,44,4,735.71,True
CRYPTO_USR_11397,4,0,965.53,False
CRYPTO_USR_11398,22,0,74.79,True
CRYPTO_USR_11399,52,6,1706.2,False
CRYPTO_USR_11400,0,3,355.92,True
CRYPTO_USR_11401,29,4,3923.31,False
CRYPTO_USR_11402,46,4,415.57,False
CRYPTO_USR_11403,20,0,955.95,False
CRYPTO_USR_11404,26,5,1247.26,False
CRYPTO_USR_11405,27,4,2746.69,True
CRYPTO_USR_11406,0,4,1359.8,True
CRYPTO_USR_11407,12,5,2577.29,False
CRYPTO_USR_11408,6,4,582.4,True
CRYPTO_USR_11409,44,0,2080.72,False
CRYPTO_USR_11410,18,5,79.33,False
CRYPTO_USR_11411,9,7,1026.63,True
CRYPTO_USR_11412,45,4,2427.62,False
CRYPTO_USR_11413,5,3,2770.93,False
CRYPTO_USR_11414,3,7,1616.8,True
CRYPTO_USR_11415,6,1,2033.36,True
CRYPTO_USR_11416,42,3,2409.21,False
CRYPTO_USR_11417,13,5,448.76,False
CRYPTO_USR_11418,18,5,4733.14,False
CRYPTO_USR_11419,13,3,263.97,False
CRYPTO_USR_11420,27,5,244.91,False
CRYPTO_USR_11421,1,3,264.17,False
CRYPTO_USR_11422,17,5,3915.27,False
CRYPTO_USR_11423,43,6,1829.0,False
CRYPTO_USR_11424,5,9,162.8,False
CRYPTO_USR_11425,18,3,9793.59,False
CRYPTO_USR_11426,50,3,2398.47,True
CRYPTO_USR_11427,11,8,1559.22,False
CRYPTO_USR_11428,25,6,9.16,False
CRYPTO_USR_11429,1,6,1145.0,False
CRYPTO_USR_11430,0,1,2879.23,False
CRYPTO_USR_11431,16,3,495.2,False
CRYPTO_USR_11432,0,3,256.29,True
CRYPTO_USR_11433,29,0,171.2,False
CRYPTO_USR_11434,10,2,2475.9,True
CRYPTO_USR_11435,16,0,2659.84,False
CRYPTO_USR_11436,14,4,1123.51,False
CRYPTO_USR_11437,55,1,131.98,False
CRYPTO_USR_11438,11,6,565.96,False
CRYPTO_USR_11439,21,4,2847.97,False
CRYPTO_USR_11440,2,7,101.47,False
CRYPTO_USR_11441,31,1,3940.31,True
CRYPTO_USR_11442,12,2,346.85,False
CRYPTO_USR_11443,1,2,2224.06,True
CRYPTO_USR_11444,111,4,1171.86,False
CRYPTO_USR_11445,24,5,5754.09,True
CRYPTO_USR_11446,38,4,559.98,False
CRYPTO_USR_11447,9,6,117.84,True
CRYPTO_USR_11448,18,2,2227.09,False
CRYPTO_USR_11449,21,3,622.23,False
CRYPTO_USR_11450,45,8,5090.61,True
CRYPTO_USR_11451,62,2,1102.06,True
CRYPTO_USR_11452,63,2,208.48,True
CRYPTO_USR_11453,33,10,1234.5,False
CRYPTO_USR_11454,20,2,6286.46,False
CRYPTO_USR_11455,3,2,766.29,False
CRYPTO_USR_11456,28,3,3697.41,True
CRYPTO_USR_11457,82,5,1862.49,False
CRYPTO_USR_11458,11,2,1619.68,False
CRYPTO_USR_11459,51,2,1060.65,True
CRYPTO_USR_11460,3,4,542.01,False
CRYPTO_USR_11461,98,2,2643.46,True
CRYPTO_USR_11462,12,2,4641.76,False
CRYPTO_USR_11463,9,4,6515.25,False
CRYPTO_USR_11464,33,3,489.03,True
CRYPTO_USR_11465,10,2,243.39,True
CRYPTO_USR_11466,5,3,686.12,True
CRYPTO_USR_11467,13,3,1397.23,True
CRYPTO_USR_11468,10,6,1245.57,True
CRYPTO_USR_11469,17,2,694.77,True
CRYPTO_USR_11470,37,6,2200.16,False
CRYPTO_USR_11471,9,3,5188.63,False
CRYPTO_USR_11472,23,6,4272.97,False
CRYPTO_USR_11473,32,6,2367.77,False
CRYPTO_USR_11474,4,2,924.38,False
CRYPTO_USR_11475,16,3,174.67,True
CRYPTO_USR_11476,28,2,4938.57,True
CRYPTO_USR_11477,0,3,1391.55,False
CRYPTO_USR_11478,31,6,389.21,True
CRYPTO_USR_11479,26,5,5169.21,False
CRYPTO_USR_11480,12,7,830.61,True
CRYPTO_USR_11481,9,8,779.17,False
CRYPTO_USR_11482,58,7,1057.29,False
CRYPTO_USR_11483,45,6,613.02,False
CRYPTO_USR_11484,98,0,270.58,False
CRYPTO_USR_11485,2,6,419.26,False
CRYPTO_USR_11486,56,5,5798.27,False
CRYPTO_USR_11487,2,4,948.09,False
CRYPTO_USR_11488,14,0,2533.49,True
CRYPTO_USR_11489,5,2,865.61,False
CRYPTO_USR_11490,1,6,652.11,False
CRYPTO_USR_11491,17,0,48.97,True
CRYPTO_USR_11492,8,8,1151.43,False
CRYPTO_USR_11493,62,2,971.71,False
CRYPTO_USR_11494,32,4,584.36,False
CRYPTO_USR_11495,1,5,2463.68,False
CRYPTO_USR_11496,23,6,1163.41,False
CRYPTO_USR_11497,3,1,1293.33,False
CRYPTO_USR_11498,52,4,693.35,False
CRYPTO_USR_11499,4,4,320.94,True
