customer_id,transaction_date,order_amount
CUST_1114,2026-07-31,58.91
CUST_1104,2026-05-20,76.94
CUST_1223,2026-07-15,103.61
CUST_1558,2026-06-27,80.51
CUST_1006,2026-05-01,44.42
CUST_1284,2026-07-22,34.49
CUST_1352,2026-06-02,156.97
CUST_1549,2026-07-24,61.09
CUST_1370,2026-06-07,53.17
CUST_1081,2026-03-29,81.07
CUST_1166,2026-07-02,50.88
CUST_1073,2026-06-01,45.95
CUST_1167,2026-06-22,58.29
CUST_1570,2026-07-16,64.84
CUST_1057,2026-07-16,21.78
CUST_1274,2026-07-28,128.12
CUST_1511,2026-06-30,57.68
CUST_1574,2026-06-12,136.14
CUST_1597,2026-06-29,52.11
CUST_1521,2026-06-18,138.77
CUST_1156,2026-05-29,151.06
CUST_1065,2026-07-01,102.53
CUST_1257,2025-12-14,128.85
CUST_1549,2026-05-03,142.84
CUST_1300,2026-06-25,81.11
CUST_1269,2025-12-12,140.7
CUST_1108,2026-03-22,61.73
CUST_1203,2026-07-22,140.87
CUST_1543,2026-02-20,103.07
CUST_1114,2026-02-10,196.39
CUST_1314,2026-07-15,54.76
CUST_1080,2026-07-27,85.52
CUST_1545,2026-04-29,40.03
CUST_1562,2026-07-21,91.55
CUST_1216,2026-02-11,138.61
CUST_1319,2026-06-29,117.2
CUST_1529,2026-06-23,55.62
CUST_1021,2026-06-05,53.44
CUST_1072,2026-05-14,21.58
CUST_1526,2026-07-15,116.61
CUST_1135,2026-05-10,199.21
CUST_1248,2026-04-24,35.18
CUST_1433,2026-06-28,113.36
CUST_1062,2026-06-29,66.66
CUST_1254,2026-07-19,92.85
CUST_1187,2026-07-11,55.85
CUST_1453,2026-04-16,113.09
CUST_1015,2025-12-19,246.02
CUST_1170,2026-06-29,84.88
CUST_1060,2026-07-21,246.24
CUST_1292,2026-06-27,311.51
CUST_1569,2026-05-23,85.62
CUST_1222,2025-12-19,99.69
CUST_1321,2026-07-29,100.53
CUST_1543,2026-07-21,47.87
CUST_1240,2026-06-29,99.64
CUST_1083,2026-06-27,100.44
CUST_1267,2026-07-18,127.68
CUST_1405,2026-07-23,111.76
CUST_1074,2026-08-01,107.07
CUST_1102,2026-07-28,51.34
CUST_1357,2026-03-16,44.16
CUST_1309,2026-06-01,12.12
CUST_1306,2026-02-08,36.26
CUST_1270,2026-07-25,36.8
CUST_1278,2026-07-11,51.02
CUST_1270,2026-06-17,56.01
CUST_1052,2026-07-26,77.16
CUST_1003,2026-07-06,40.39
CUST_1165,2026-05-06,95.23
CUST_1009,2026-07-25,42.97
CUST_1378,2026-06-06,42.83
CUST_1315,2026-07-03,256.58
CUST_1040,2026-03-06,50.95
CUST_1105,2026-07-04,96.53
CUST_1158,2026-02-13,54.26
CUST_1181,2026-03-16,19.54
CUST_1340,2026-04-24,75.64
CUST_1254,2026-07-12,191.63
CUST_1227,2026-07-18,162.74
CUST_1228,2026-07-31,48.81
CUST_1071,2025-12-23,59.4
CUST_1409,2026-05-20,20.44
CUST_1267,2026-07-20,37.02
CUST_1321,2026-06-25,24.99
CUST_1532,2026-02-14,93.18
CUST_1201,2026-07-03,30.43
CUST_1338,2026-05-30,115.42
CUST_1307,2026-06-17,116.17
CUST_1302,2026-06-10,48.64
CUST_1388,2026-05-20,62.03
CUST_1000,2026-07-09,50.97
CUST_1329,2026-06-22,79.58
CUST_1484,2026-04-21,114.47
CUST_1343,2026-07-26,63.17
CUST_1150,2026-07-31,55.25
CUST_1074,2026-06-23,202.21
CUST_1393,2026-06-18,55.14
CUST_1005,2026-03-09,183.87
CUST_1435,2026-07-16,155.74
CUST_1475,2026-07-29,55.78
CUST_1467,2026-07-23,82.58
CUST_1572,2026-06-04,105.51
CUST_1516,2026-06-26,44.35
CUST_1460,2026-07-13,55.54
CUST_1533,2026-06-19,54.56
CUST_1292,2026-07-15,66.24
CUST_1082,2026-07-23,53.58
CUST_1219,2026-07-28,75.11
CUST_1425,2026-07-28,168.58
CUST_1598,2026-01-24,17.69
CUST_1589,2026-07-01,138.07
CUST_1429,2026-06-12,132.6
CUST_1225,2026-06-19,58.65
CUST_1398,2026-07-06,118.84
CUST_1169,2026-04-04,236.56
CUST_1546,2026-07-31,73.4
CUST_1027,2026-07-27,77.81
CUST_1186,2026-07-29,71.54
CUST_1334,2026-07-06,169.58
CUST_1552,2026-07-29,30.17
CUST_1041,2026-05-02,39.72
CUST_1577,2026-01-22,82.64
CUST_1377,2026-07-21,104.54
CUST_1117,2026-04-26,44.97
CUST_1592,2026-07-31,63.35
CUST_1384,2026-06-30,127.38
CUST_1248,2026-07-26,144.12
CUST_1123,2026-04-20,97.51
CUST_1545,2026-06-26,70.48
CUST_1349,2026-08-01,76.7
CUST_1443,2026-01-03,109.81
CUST_1156,2026-06-25,132.37
CUST_1276,2026-05-31,236.66
CUST_1476,2026-06-25,131.61
CUST_1251,2026-04-08,33.45
CUST_1249,2026-05-03,98.15
CUST_1344,2026-07-31,51.21
CUST_1348,2026-07-11,102.58
CUST_1569,2026-08-01,128.68
CUST_1246,2026-05-17,111.84
CUST_1017,2026-07-26,52.39
CUST_1313,2026-05-23,70.29
CUST_1352,2026-06-26,135.82
CUST_1464,2026-07-12,56.05
CUST_1197,2026-07-08,134.93
CUST_1189,2026-07-19,133.71
CUST_1537,2026-06-03,61.46
CUST_1309,2026-08-01,92.52
CUST_1055,2026-06-10,123.04
CUST_1502,2026-07-25,14.58
CUST_1490,2026-06-25,47.68
CUST_1489,2026-07-25,29.53
CUST_1590,2026-05-29,27.1
CUST_1576,2026-01-20,33.2
CUST_1571,2026-04-30,104.37
CUST_1231,2026-04-26,71.7
CUST_1304,2026-03-27,107.05
CUST_1101,2026-01-22,50.67
CUST_1083,2026-07-21,46.3
CUST_1002,2026-06-28,121.16
CUST_1033,2026-07-15,125.36
CUST_1464,2026-07-28,53.85
CUST_1202,2026-06-27,94.12
CUST_1272,2026-04-10,30.7
CUST_1314,2026-06-04,164.44
CUST_1449,2026-07-24,121.0
CUST_1278,2026-06-17,86.62
CUST_1040,2026-03-11,132.57
CUST_1026,2026-07-26,99.03
CUST_1275,2026-06-07,141.06
CUST_1531,2026-05-25,100.72
CUST_1503,2025-12-19,83.31
CUST_1328,2026-05-21,122.16
CUST_1410,2026-04-14,94.99
CUST_1322,2026-07-14,38.18
CUST_1526,2026-04-10,5.53
CUST_1473,2026-06-28,48.1
CUST_1510,2026-05-30,140.08
CUST_1562,2026-07-23,60.47
CUST_1496,2026-07-24,54.57
CUST_1564,2026-08-01,75.16
CUST_1116,2026-06-22,38.41
CUST_1510,2026-02-07,60.93
CUST_1425,2026-04-06,95.17
CUST_1520,2026-05-04,41.21
CUST_1424,2026-07-06,149.45
CUST_1002,2026-07-11,61.74
CUST_1501,2026-03-24,80.16
CUST_1340,2026-06-10,93.95
CUST_1329,2026-03-22,72.02
CUST_1420,2026-07-30,135.46
CUST_1390,2026-07-01,115.49
CUST_1155,2026-06-18,23.13
CUST_1339,2026-03-22,91.29
CUST_1147,2026-06-28,113.63
CUST_1480,2026-04-25,57.7
CUST_1407,2026-05-25,178.66
CUST_1546,2026-07-01,63.92
CUST_1499,2026-03-21,108.96
CUST_1232,2026-05-04,78.51
CUST_1102,2026-06-24,122.24
CUST_1047,2026-07-07,27.64
CUST_1441,2026-07-22,92.07
CUST_1184,2026-07-20,32.1
CUST_1246,2026-06-18,100.35
CUST_1260,2026-06-22,116.16
CUST_1476,2026-03-04,118.5
CUST_1452,2026-01-25,81.53
CUST_1393,2026-03-30,36.74
CUST_1367,2026-06-07,58.84
CUST_1050,2026-02-26,135.6
CUST_1293,2026-04-26,53.44
CUST_1224,2026-05-28,107.02
CUST_1140,2026-05-29,217.96
CUST_1316,2026-04-22,22.14
CUST_1134,2026-07-26,61.32
CUST_1179,2026-07-18,149.01
CUST_1374,2026-06-13,229.03
CUST_1263,2026-02-23,277.63
CUST_1302,2026-05-04,66.59
CUST_1077,2026-07-23,129.77
CUST_1570,2026-07-03,92.89
CUST_1268,2026-06-05,163.6
CUST_1110,2026-05-20,83.51
CUST_1574,2026-07-07,105.05
CUST_1475,2026-02-26,62.18
CUST_1143,2026-07-29,23.19
CUST_1118,2026-07-26,81.1
CUST_1553,2026-06-27,134.76
CUST_1424,2026-05-24,168.97
CUST_1286,2026-07-30,70.48
CUST_1241,2026-03-29,35.58
CUST_1557,2026-03-04,111.62
CUST_1282,2026-07-19,39.12
CUST_1465,2026-07-26,51.21
CUST_1021,2026-07-29,65.96
CUST_1578,2026-07-18,167.07
CUST_1600,2026-07-17,42.76
CUST_1002,2026-07-11,93.45
CUST_1112,2026-05-23,150.28
CUST_1331,2026-07-31,57.74
CUST_1431,2026-06-14,135.74
CUST_1370,2026-06-16,37.12
CUST_1044,2026-05-09,223.63
CUST_1308,2026-06-23,84.55
CUST_1110,2026-06-19,32.42
CUST_1067,2026-07-24,107.66
CUST_1332,2026-07-01,102.8
CUST_1517,2026-06-02,35.55
CUST_1564,2026-05-11,51.57
CUST_1233,2026-06-28,165.93
CUST_1097,2026-07-08,63.42
CUST_1156,2026-05-18,83.9
CUST_1087,2026-07-26,35.12
CUST_1133,2026-06-10,100.91
CUST_1337,2026-05-21,75.52
CUST_1433,2026-03-23,128.94
CUST_1319,2026-07-04,99.48
CUST_1493,2026-07-16,36.99
CUST_1376,2026-07-25,59.33
CUST_1439,2026-04-02,105.68
CUST_1026,2026-06-01,114.26
CUST_1029,2026-07-20,124.31
CUST_1347,2026-07-04,47.3
CUST_1410,2026-07-28,134.39
CUST_1093,2026-05-04,51.59
CUST_1349,2026-07-21,63.31
CUST_1581,2026-06-04,32.57
CUST_1434,2026-06-19,79.56
CUST_1524,2026-07-25,77.98
CUST_1498,2026-06-14,62.93
CUST_1056,2026-08-01,62.08
CUST_1140,2026-04-30,60.64
CUST_1509,2026-05-04,46.55
CUST_1235,2026-06-17,168.81
CUST_1073,2026-06-30,134.69
CUST_1470,2026-02-17,184.92
CUST_1587,2026-06-29,110.7
CUST_1414,2026-07-31,64.9
CUST_1471,2026-04-08,101.32
CUST_1405,2026-03-22,135.78
CUST_1172,2026-07-27,109.35
CUST_1198,2026-03-01,67.88
CUST_1151,2026-07-15,42.61
CUST_1156,2026-05-01,113.78
CUST_1505,2026-06-22,97.15
CUST_1578,2026-05-27,79.26
CUST_1310,2026-04-20,101.76
CUST_1075,2026-07-08,80.87
CUST_1293,2026-07-27,186.29
CUST_1519,2026-07-01,99.88
CUST_1042,2026-06-24,158.08
CUST_1329,2026-06-02,87.7
CUST_1461,2026-07-25,127.2
CUST_1176,2026-07-30,125.52
CUST_1536,2026-06-14,44.29
CUST_1289,2026-07-01,144.79
CUST_1053,2026-04-22,112.12
CUST_1096,2026-06-09,72.47
CUST_1153,2026-07-06,100.28
CUST_1358,2026-07-08,113.89
CUST_1132,2026-06-04,71.24
CUST_1130,2026-05-21,166.66
CUST_1539,2026-07-26,116.93
CUST_1018,2026-07-03,47.15
CUST_1497,2026-07-19,61.41
CUST_1519,2026-04-28,169.69
CUST_1038,2026-05-23,194.66
CUST_1385,2026-07-22,47.23
CUST_1169,2026-05-10,24.82
CUST_1243,2025-12-17,105.14
CUST_1459,2026-07-15,54.55
CUST_1480,2026-03-02,48.92
CUST_1584,2025-11-04,82.18
CUST_1391,2026-06-17,76.53
CUST_1204,2026-04-18,41.48
CUST_1492,2026-03-20,95.68
CUST_1528,2026-03-31,60.12
CUST_1279,2026-06-24,89.43
CUST_1093,2026-01-23,52.45
CUST_1357,2026-02-09,76.04
CUST_1382,2026-07-15,20.62
CUST_1343,2026-04-22,41.36
CUST_1483,2026-05-16,41.53
CUST_1459,2026-05-31,51.65
CUST_1540,2026-06-27,145.37
CUST_1124,2026-07-29,76.67
CUST_1468,2026-07-28,170.48
CUST_1548,2026-07-31,89.73
CUST_1147,2026-07-10,98.28
CUST_1087,2026-06-14,69.26
CUST_1557,2026-06-16,72.95
CUST_1396,2025-11-17,149.74
CUST_1106,2026-04-28,132.75
CUST_1045,2026-07-04,66.57
CUST_1475,2025-11-18,84.48
CUST_1138,2026-07-28,145.38
CUST_1300,2026-07-18,150.7
CUST_1323,2026-02-06,89.73
CUST_1556,2026-06-21,23.03
CUST_1292,2026-07-04,146.99
CUST_1339,2026-07-12,153.84
CUST_1409,2026-05-05,87.15
CUST_1531,2026-07-12,32.75
CUST_1440,2026-06-03,163.56
CUST_1328,2026-07-25,65.28
CUST_1456,2026-06-03,77.49
CUST_1359,2026-06-24,130.47
CUST_1445,2026-07-12,31.38
CUST_1372,2026-06-16,136.99
CUST_1031,2026-07-22,104.59
CUST_1035,2026-07-24,54.17
CUST_1370,2026-07-01,97.72
CUST_1460,2026-01-20,70.66
CUST_1587,2026-07-23,70.04
CUST_1285,2026-07-14,37.8
CUST_1511,2026-06-15,144.96
CUST_1219,2025-08-01,60.18
CUST_1502,2026-07-18,41.09
CUST_1176,2026-03-06,79.97
CUST_1327,2026-05-22,126.0
CUST_1297,2026-03-10,178.42
CUST_1178,2026-04-21,88.76
CUST_1205,2026-04-21,54.26
CUST_1369,2026-06-10,70.28
CUST_1564,2026-07-23,73.92
CUST_1490,2026-06-14,143.02
CUST_1075,2026-07-24,63.96
CUST_1477,2026-05-19,67.29
CUST_1564,2026-05-27,47.37
CUST_1443,2026-06-17,188.91
CUST_1530,2026-07-22,45.09
CUST_1230,2026-07-05,270.84
CUST_1080,2026-07-14,109.71
CUST_1128,2026-05-30,105.83
CUST_1172,2026-06-04,99.93
CUST_1345,2026-04-03,97.13
CUST_1029,2026-07-27,57.65
CUST_1585,2026-06-27,110.47
CUST_1558,2026-07-10,155.97
CUST_1304,2026-06-23,120.98
CUST_1425,2026-06-19,50.19
CUST_1320,2026-03-26,64.24
CUST_1353,2025-12-04,40.38
CUST_1575,2026-07-25,54.87
CUST_1460,2026-07-14,35.16
CUST_1393,2026-03-25,76.46
CUST_1163,2026-04-14,48.39
CUST_1527,2026-06-22,196.66
CUST_1092,2026-01-25,88.28
CUST_1220,2026-06-06,25.99
CUST_1481,2026-07-11,40.84
CUST_1374,2026-04-30,69.91
CUST_1583,2026-06-09,69.49
CUST_1395,2026-06-17,141.48
CUST_1121,2026-07-24,35.14
CUST_1347,2026-06-09,69.87
CUST_1521,2026-06-29,127.02
CUST_1531,2026-06-23,104.36
CUST_1335,2026-02-08,64.15
CUST_1306,2026-06-04,88.55
CUST_1501,2026-05-13,61.89
CUST_1377,2026-07-06,37.21
CUST_1315,2026-04-20,130.07
CUST_1027,2026-06-03,57.76
CUST_1592,2026-06-06,129.03
CUST_1174,2026-06-14,128.97
CUST_1389,2026-07-22,17.46
CUST_1155,2026-06-28,50.18
CUST_1482,2026-03-20,41.43
CUST_1332,2025-06-19,84.46
CUST_1177,2026-06-22,92.37
CUST_1270,2026-06-01,48.7
CUST_1571,2026-07-09,272.01
CUST_1295,2026-05-14,121.36
CUST_1491,2026-07-05,58.72
CUST_1556,2026-07-01,60.76
CUST_1080,2026-07-05,79.61
CUST_1490,2026-07-17,96.88
CUST_1111,2026-05-31,100.98
CUST_1543,2026-07-16,53.78
CUST_1338,2026-05-11,35.77
CUST_1005,2025-12-27,113.25
CUST_1487,2026-06-20,49.62
CUST_1328,2026-07-11,28.28
CUST_1587,2026-07-15,133.74
CUST_1038,2026-02-24,46.47
CUST_1180,2026-02-06,22.95
CUST_1507,2026-07-19,136.73
CUST_1296,2026-03-18,12.99
CUST_1109,2026-02-11,66.14
CUST_1556,2026-06-14,88.1
CUST_1115,2026-07-06,131.63
CUST_1190,2026-08-01,66.39
CUST_1197,2026-07-20,181.24
CUST_1437,2026-06-15,33.47
CUST_1189,2025-11-14,84.33
CUST_1006,2026-07-13,54.11
CUST_1337,2026-07-09,113.41
CUST_1063,2026-05-22,82.69
CUST_1514,2026-02-16,203.59
CUST_1120,2026-05-27,52.3
CUST_1489,2026-07-22,136.35
CUST_1425,2026-05-15,228.22
CUST_1223,2026-04-30,119.11
CUST_1083,2026-06-14,91.62
CUST_1577,2026-07-25,166.57
CUST_1207,2026-06-07,43.08
CUST_1532,2026-06-25,119.09
CUST_1500,2026-07-26,89.0
CUST_1464,2026-07-23,76.11
CUST_1572,2026-06-22,156.88
CUST_1405,2026-07-13,31.01
CUST_1065,2026-06-12,28.51
CUST_1483,2026-07-30,75.27
CUST_1430,2026-07-02,32.33
CUST_1552,2026-07-23,39.88
CUST_1003,2026-05-02,128.43
CUST_1388,2026-04-11,55.57
CUST_1282,2026-07-19,193.8
CUST_1032,2026-04-16,76.6
CUST_1016,2026-07-15,29.91
CUST_1457,2026-06-03,134.26
CUST_1239,2026-06-12,138.35
CUST_1143,2026-06-17,60.62
CUST_1589,2026-07-08,102.89
CUST_1328,2026-07-15,194.57
CUST_1533,2026-07-16,61.97
CUST_1179,2026-05-30,77.63
CUST_1352,2026-01-29,117.12
CUST_1326,2026-05-16,75.2
CUST_1188,2026-05-02,83.79
CUST_1307,2026-03-28,42.31
CUST_1059,2026-06-09,40.86
CUST_1208,2026-07-06,32.12
CUST_1379,2026-07-26,129.87
CUST_1274,2026-07-02,104.13
CUST_1074,2026-07-19,140.61
CUST_1572,2026-07-17,50.81
CUST_1310,2026-01-09,16.0
CUST_1120,2026-05-04,138.33
CUST_1209,2026-06-30,54.57
CUST_1289,2026-07-01,92.45
CUST_1267,2026-07-04,155.22
CUST_1327,2026-02-23,70.5
CUST_1576,2026-03-25,95.49
CUST_1427,2026-07-10,49.2
CUST_1583,2026-04-07,87.4
CUST_1345,2026-07-13,163.22
CUST_1502,2026-06-22,132.09
CUST_1143,2026-05-11,85.85
CUST_1555,2025-10-04,108.87
CUST_1154,2026-08-01,88.32
CUST_1494,2026-05-24,16.17
CUST_1421,2026-08-01,91.81
CUST_1293,2026-07-31,159.5
CUST_1183,2026-07-25,35.08
CUST_1196,2026-05-31,56.17
CUST_1406,2026-07-27,55.05
CUST_1307,2026-05-19,176.44
CUST_1032,2026-07-26,71.56
CUST_1057,2026-05-28,124.35
CUST_1444,2026-05-26,65.68
CUST_1097,2026-03-08,215.82
CUST_1580,2026-06-21,244.87
CUST_1577,2026-05-24,47.03
CUST_1016,2026-01-02,101.01
CUST_1407,2026-02-11,61.83
CUST_1580,2026-04-07,72.79
CUST_1339,2026-07-01,134.04
CUST_1080,2026-06-17,78.91
CUST_1348,2026-06-02,105.73
CUST_1334,2026-07-31,58.7
CUST_1502,2026-07-16,95.45
CUST_1190,2026-05-19,114.85
CUST_1302,2026-04-20,126.9
CUST_1157,2026-07-01,72.85
CUST_1093,2026-08-01,62.91
CUST_1276,2026-07-25,33.56
CUST_1570,2026-06-10,75.17
CUST_1362,2026-06-10,102.71
CUST_1394,2026-08-01,75.9
CUST_1572,2026-03-01,45.75
CUST_1142,2026-07-12,58.11
CUST_1171,2026-06-25,76.84
CUST_1078,2026-07-03,86.9
CUST_1468,2026-07-25,62.47
CUST_1340,2026-04-04,71.64
CUST_1450,2026-07-06,160.5
CUST_1139,2026-07-09,103.82
CUST_1490,2026-07-08,337.17
CUST_1298,2026-05-07,109.29
CUST_1248,2026-07-07,59.54
CUST_1373,2026-07-25,97.17
CUST_1558,2026-07-20,130.57
CUST_1214,2026-06-25,60.87
CUST_1418,2026-05-21,41.59
CUST_1258,2026-05-24,127.44
CUST_1075,2026-06-24,102.89
CUST_1547,2026-06-17,93.98
CUST_1368,2026-05-15,159.13
CUST_1087,2026-07-25,55.66
CUST_1170,2026-05-26,24.97
CUST_1409,2025-12-23,65.72
CUST_1108,2026-08-01,56.94
CUST_1531,2026-06-09,120.76
CUST_1383,2026-06-30,144.08
CUST_1512,2026-07-22,61.36
CUST_1087,2026-07-24,63.34
CUST_1211,2026-06-15,67.75
CUST_1463,2026-07-08,61.94
CUST_1117,2026-07-31,67.12
CUST_1168,2026-02-10,134.25
CUST_1565,2026-07-21,96.53
CUST_1237,2026-04-20,108.69
CUST_1442,2026-06-30,133.37
CUST_1460,2026-06-04,72.75
CUST_1210,2026-07-11,124.57
CUST_1591,2026-07-26,65.05
CUST_1268,2026-05-21,86.01
CUST_1320,2026-06-03,105.27
CUST_1356,2026-07-04,81.67
CUST_1304,2026-02-19,101.55
CUST_1320,2026-07-24,62.56
CUST_1144,2026-06-16,76.47
CUST_1392,2026-06-27,85.62
CUST_1177,2026-06-10,86.03
CUST_1322,2026-04-04,106.75
CUST_1009,2026-06-19,49.06
CUST_1575,2026-06-17,86.78
CUST_1425,2026-05-13,79.8
CUST_1578,2026-07-30,140.41
CUST_1281,2026-07-16,60.55
CUST_1579,2026-05-05,141.97
CUST_1115,2026-06-07,58.04
CUST_1375,2026-06-12,139.08
CUST_1451,2026-06-11,167.2
CUST_1304,2026-03-19,21.82
CUST_1089,2026-06-25,54.28
CUST_1359,2026-03-26,105.08
CUST_1142,2026-04-24,159.66
CUST_1583,2026-07-04,59.64
CUST_1331,2025-11-23,61.03
CUST_1526,2025-10-30,118.87
CUST_1421,2026-02-19,39.81
CUST_1255,2026-07-22,64.58
CUST_1402,2026-06-19,99.39
CUST_1424,2026-07-02,31.47
CUST_1095,2026-06-29,136.96
CUST_1377,2026-06-23,85.81
CUST_1095,2026-05-08,81.75
CUST_1366,2026-03-31,152.42
CUST_1439,2026-04-10,86.75
CUST_1290,2026-07-06,99.48
CUST_1496,2026-04-23,209.1
CUST_1047,2026-07-26,148.07
CUST_1127,2026-02-10,44.19
CUST_1438,2026-07-18,120.98
CUST_1309,2026-07-21,113.59
CUST_1380,2026-05-23,112.44
CUST_1312,2026-05-09,138.6
CUST_1093,2026-05-14,40.66
CUST_1455,2026-08-01,122.61
CUST_1432,2026-05-17,84.37
CUST_1091,2026-05-08,36.07
CUST_1306,2026-07-23,144.45
CUST_1136,2026-05-27,118.39
CUST_1576,2026-08-01,112.66
CUST_1218,2026-05-29,43.29
CUST_1453,2026-03-27,33.46
CUST_1126,2026-06-05,72.15
CUST_1322,2026-04-22,55.61
CUST_1254,2026-06-10,103.25
CUST_1027,2026-04-01,114.38
CUST_1530,2026-06-02,48.23
CUST_1055,2026-04-24,151.7
CUST_1395,2026-07-25,87.44
CUST_1540,2026-03-12,14.49
CUST_1324,2026-07-23,184.1
CUST_1374,2026-06-11,46.17
CUST_1074,2026-07-31,29.96
CUST_1040,2026-02-16,60.29
CUST_1425,2026-06-27,74.44
CUST_1550,2026-05-31,59.2
CUST_1523,2026-02-18,65.14
CUST_1067,2026-07-08,78.97
CUST_1244,2026-07-29,33.38
CUST_1464,2026-06-01,27.41
CUST_1179,2026-07-24,125.59
CUST_1167,2026-06-18,67.56
CUST_1265,2026-07-21,39.82
CUST_1275,2026-05-08,38.5
CUST_1343,2026-04-17,58.54
CUST_1590,2026-05-29,86.95
CUST_1056,2026-06-17,97.66
CUST_1261,2026-04-27,209.2
CUST_1118,2026-07-16,88.77
CUST_1012,2026-07-14,83.55
CUST_1153,2026-07-20,155.34
CUST_1429,2026-07-16,55.66
CUST_1327,2026-07-12,31.9
CUST_1514,2026-05-21,26.9
CUST_1528,2025-11-15,82.64
CUST_1318,2026-07-07,95.46
CUST_1205,2026-07-10,148.29
CUST_1248,2026-06-22,101.81
CUST_1200,2026-05-08,94.43
CUST_1154,2026-08-01,75.42
CUST_1354,2026-05-28,66.14
CUST_1385,2026-04-01,130.57
CUST_1542,2025-11-09,76.67
CUST_1145,2026-05-13,34.53
CUST_1532,2026-06-28,136.4
CUST_1517,2026-07-23,97.81
CUST_1133,2026-07-15,57.21
CUST_1402,2026-05-15,132.8
CUST_1278,2026-07-15,36.59
CUST_1321,2026-06-29,92.8
CUST_1212,2026-06-23,82.41
CUST_1092,2026-07-21,120.4
CUST_1041,2026-07-17,126.4
CUST_1405,2026-06-16,118.4
CUST_1178,2026-07-30,74.71
CUST_1563,2026-07-14,82.23
CUST_1143,2026-07-24,28.8
CUST_1227,2026-07-23,164.17
CUST_1086,2026-06-06,56.95
CUST_1022,2025-07-16,49.4
CUST_1131,2026-07-26,176.11
CUST_1125,2026-07-30,82.09
CUST_1587,2026-06-26,129.83
CUST_1391,2026-05-19,46.17
CUST_1191,2026-07-12,80.09
CUST_1251,2026-05-26,87.34
CUST_1490,2026-07-28,59.48
CUST_1204,2026-05-27,153.01
CUST_1556,2026-04-21,69.07
CUST_1496,2026-07-05,97.46
CUST_1276,2026-07-20,64.19
CUST_1287,2026-07-29,142.26
CUST_1163,2026-07-26,114.06
CUST_1057,2026-04-30,260.21
CUST_1177,2026-07-20,101.95
CUST_1367,2026-02-23,20.63
CUST_1581,2026-06-09,97.05
CUST_1504,2026-06-12,46.53
CUST_1057,2026-07-15,52.04
CUST_1000,2026-07-06,105.78
CUST_1348,2026-05-11,235.57
CUST_1331,2026-07-29,42.78
CUST_1145,2026-04-27,175.67
CUST_1074,2026-07-02,35.85
CUST_1139,2025-12-02,131.97
CUST_1498,2026-05-25,46.36
CUST_1365,2026-07-16,101.34
CUST_1314,2026-05-07,61.25
CUST_1001,2026-01-20,21.86
CUST_1226,2026-05-27,36.34
CUST_1339,2026-05-05,54.41
CUST_1171,2026-05-28,116.84
CUST_1343,2026-06-24,57.72
CUST_1069,2026-07-04,149.19
CUST_1049,2026-07-01,132.03
CUST_1423,2026-06-18,71.49
CUST_1103,2026-04-09,149.82
CUST_1230,2026-07-21,31.14
CUST_1301,2026-07-31,57.23
CUST_1350,2026-07-20,71.09
CUST_1560,2026-01-29,124.75
CUST_1168,2026-06-02,78.54
CUST_1339,2026-07-18,48.41
CUST_1553,2026-07-12,59.69
CUST_1050,2026-06-30,94.92
CUST_1055,2026-07-03,77.68
CUST_1491,2026-07-18,19.85
CUST_1298,2025-11-29,83.8
CUST_1407,2026-06-21,111.03
CUST_1379,2026-03-14,70.34
CUST_1269,2026-06-25,57.5
CUST_1577,2026-07-28,137.69
CUST_1087,2026-05-22,157.4
CUST_1232,2026-06-10,172.61
CUST_1428,2025-12-25,120.63
CUST_1586,2026-03-16,84.17
CUST_1035,2026-06-17,215.02
CUST_1150,2026-07-24,139.21
CUST_1171,2025-12-12,77.13
CUST_1445,2026-07-18,102.39
CUST_1068,2026-07-27,95.97
CUST_1282,2026-06-15,123.76
CUST_1429,2026-07-25,43.05
CUST_1596,2026-05-01,268.38
CUST_1576,2026-04-25,148.73
CUST_1352,2026-03-18,57.59
CUST_1585,2026-06-01,23.25
CUST_1147,2026-05-31,119.21
CUST_1405,2026-03-11,65.71
CUST_1486,2026-02-18,161.34
CUST_1287,2026-04-03,182.5
CUST_1233,2026-07-23,76.28
CUST_1192,2026-06-25,85.31
CUST_1382,2026-04-12,89.71
CUST_1318,2026-05-13,74.58
CUST_1536,2026-03-17,20.85
CUST_1205,2026-04-06,55.81
CUST_1369,2026-05-14,58.78
CUST_1517,2026-06-30,54.89
CUST_1456,2026-07-20,190.46
CUST_1358,2026-07-05,179.86
CUST_1219,2026-03-28,112.13
CUST_1275,2026-05-25,89.42
CUST_1009,2026-06-21,40.6
CUST_1008,2026-07-16,104.73
CUST_1281,2026-06-27,71.21
CUST_1258,2026-07-16,62.17
CUST_1406,2026-06-05,11.81
CUST_1383,2026-06-09,102.17
CUST_1110,2026-06-20,66.29
CUST_1332,2026-03-26,57.23
CUST_1305,2026-07-19,90.01
CUST_1058,2026-04-17,155.03
CUST_1327,2026-05-19,129.0
CUST_1302,2026-07-13,76.51
CUST_1036,2026-06-06,67.13
CUST_1547,2026-05-27,84.1
CUST_1367,2026-06-16,175.09
CUST_1571,2026-07-20,35.29
CUST_1264,2026-05-10,96.4
CUST_1343,2026-05-24,52.47
CUST_1314,2026-06-27,100.76
CUST_1120,2026-06-21,187.7
CUST_1072,2026-06-21,48.99
CUST_1390,2026-06-13,75.81
CUST_1154,2026-07-23,49.72
CUST_1583,2026-03-09,32.43
CUST_1181,2026-07-08,28.04
CUST_1214,2026-04-30,45.62
CUST_1501,2026-04-24,78.47
CUST_1439,2025-12-26,72.06
CUST_1204,2026-05-08,139.1
CUST_1018,2026-05-20,108.11
CUST_1352,2026-07-08,36.12
CUST_1313,2026-07-21,164.25
CUST_1297,2026-06-23,90.45
CUST_1444,2026-03-12,48.21
CUST_1413,2026-07-31,52.73
CUST_1216,2026-05-07,101.46
CUST_1375,2026-05-13,151.08
CUST_1261,2026-04-28,107.44
CUST_1049,2026-05-23,121.24
CUST_1389,2026-07-24,56.21
CUST_1210,2026-05-16,108.79
CUST_1103,2026-05-23,58.3
CUST_1140,2026-06-27,106.43
CUST_1108,2026-06-18,104.85
CUST_1535,2025-12-09,68.93
CUST_1164,2026-07-30,86.98
CUST_1492,2026-07-06,7.88
CUST_1113,2026-04-06,116.62
CUST_1092,2026-04-25,31.38
CUST_1262,2026-05-26,81.52
CUST_1270,2026-06-22,35.65
CUST_1040,2026-03-30,69.21
CUST_1436,2026-05-06,34.86
CUST_1046,2026-08-01,41.47
CUST_1336,2026-07-04,79.0
CUST_1095,2026-07-02,67.07
CUST_1409,2025-12-31,58.52
CUST_1489,2026-04-19,112.43
CUST_1115,2026-07-23,130.36
CUST_1163,2026-07-25,98.0
CUST_1388,2026-04-25,105.28
CUST_1133,2026-06-20,85.82
CUST_1451,2026-07-29,57.29
CUST_1537,2026-04-29,99.27
CUST_1346,2026-06-15,120.9
CUST_1443,2026-05-23,55.7
CUST_1394,2026-07-22,165.46
CUST_1055,2026-08-01,83.21
CUST_1169,2026-07-27,86.31
CUST_1284,2026-07-29,52.53
CUST_1412,2026-04-13,32.07
CUST_1586,2026-06-24,181.5
CUST_1121,2025-11-18,74.59
CUST_1562,2026-08-01,34.18
CUST_1311,2026-03-11,96.93
CUST_1467,2026-01-18,69.59
CUST_1228,2026-04-03,65.77
CUST_1484,2026-05-12,69.59
CUST_1099,2026-05-01,52.41
CUST_1298,2026-06-11,70.89
CUST_1168,2026-06-18,163.33
CUST_1419,2026-07-25,105.18
CUST_1402,2026-07-17,66.49
CUST_1047,2026-02-13,170.88
CUST_1461,2026-06-23,101.4
CUST_1510,2026-08-01,133.04
CUST_1443,2026-04-05,85.09
CUST_1181,2026-05-17,46.28
CUST_1106,2026-07-01,103.35
CUST_1516,2026-03-16,76.53
CUST_1254,2026-07-12,333.3
CUST_1463,2026-04-17,41.44
CUST_1524,2026-07-09,124.02
CUST_1566,2026-05-28,49.8
CUST_1297,2026-05-18,126.21
CUST_1182,2026-06-17,122.31
CUST_1118,2026-05-01,96.92
CUST_1427,2026-05-21,71.76
CUST_1057,2026-07-18,137.08
CUST_1293,2026-05-19,42.6
CUST_1302,2026-07-18,93.6
CUST_1463,2026-07-25,188.79
CUST_1229,2026-05-05,96.76
CUST_1294,2026-05-17,25.61
CUST_1426,2026-01-09,95.3
CUST_1257,2026-07-18,189.34
CUST_1453,2026-04-08,226.7
CUST_1376,2026-05-02,94.44
CUST_1198,2026-07-10,46.78
CUST_1191,2025-12-31,132.72
CUST_1041,2026-06-26,96.01
CUST_1598,2026-04-02,10.6
CUST_1158,2026-07-30,144.52
CUST_1308,2026-06-19,98.61
CUST_1325,2026-06-14,93.89
CUST_1357,2026-07-16,51.36
CUST_1369,2026-07-10,83.98
CUST_1009,2026-07-25,67.47
CUST_1249,2026-01-06,119.6
CUST_1116,2026-07-01,93.46
CUST_1529,2026-04-11,71.02
CUST_1456,2026-06-19,61.48
CUST_1328,2026-06-16,116.91
CUST_1434,2026-04-06,50.39
CUST_1445,2026-05-26,43.61
CUST_1339,2026-07-30,31.05
CUST_1257,2026-06-09,98.99
CUST_1264,2026-06-28,80.77
CUST_1323,2026-07-31,117.55
CUST_1064,2026-05-02,100.77
CUST_1074,2026-07-04,87.91
CUST_1308,2026-06-02,59.69
CUST_1390,2026-06-30,114.86
CUST_1546,2026-07-16,136.06
CUST_1558,2026-07-10,109.51
CUST_1382,2026-01-08,14.02
CUST_1144,2026-07-24,10.11
CUST_1550,2026-06-11,33.19
CUST_1352,2026-07-17,220.27
CUST_1145,2026-07-21,52.29
CUST_1198,2026-07-25,117.05
CUST_1055,2026-03-31,255.38
CUST_1472,2026-05-26,31.03
CUST_1256,2026-07-26,130.14
CUST_1338,2026-07-04,117.11
CUST_1291,2026-05-31,80.7
CUST_1313,2026-05-17,43.43
CUST_1323,2026-01-06,45.62
CUST_1226,2026-05-13,110.83
CUST_1368,2026-07-23,132.14
CUST_1473,2026-06-24,144.89
CUST_1111,2026-07-20,104.43
CUST_1143,2026-03-10,49.23
CUST_1078,2026-05-09,207.27
CUST_1031,2026-04-15,99.64
CUST_1217,2026-03-01,95.22
CUST_1552,2026-06-21,145.04
CUST_1228,2026-03-10,101.45
CUST_1137,2026-06-22,89.0
CUST_1514,2026-08-01,54.52
CUST_1169,2026-05-01,41.75
CUST_1579,2026-01-20,114.59
CUST_1495,2026-02-01,24.01
CUST_1237,2026-07-28,70.34
CUST_1211,2026-06-15,150.83
CUST_1465,2026-03-16,23.88
CUST_1105,2026-05-14,90.61
CUST_1269,2026-06-06,98.2
CUST_1387,2026-07-03,113.34
CUST_1529,2026-07-14,74.89
CUST_1353,2026-06-19,84.98
CUST_1513,2026-03-16,79.28
CUST_1526,2026-05-26,51.13
CUST_1370,2026-06-03,161.15
CUST_1424,2026-04-15,128.73
CUST_1490,2026-06-20,101.65
CUST_1420,2026-07-31,24.69
CUST_1164,2026-07-23,89.33
CUST_1150,2026-07-29,56.88
CUST_1415,2026-06-03,97.13
CUST_1290,2026-01-22,51.77
CUST_1482,2026-03-23,45.88
CUST_1146,2026-04-21,114.64
CUST_1350,2026-02-16,102.65
CUST_1387,2026-07-01,37.04
CUST_1516,2026-05-19,165.5
CUST_1181,2026-06-21,105.89
CUST_1544,2026-06-17,38.42
CUST_1133,2026-03-04,93.31
CUST_1441,2026-06-15,70.46
CUST_1542,2026-06-26,142.86
CUST_1589,2026-07-26,40.83
CUST_1238,2026-02-26,32.96
CUST_1556,2026-06-28,48.28
CUST_1007,2026-06-06,113.58
CUST_1323,2026-06-28,36.73
CUST_1599,2026-07-13,180.54
CUST_1374,2026-06-01,50.15
CUST_1570,2026-06-20,70.44
CUST_1259,2025-10-15,99.43
CUST_1407,2026-05-07,180.55
CUST_1235,2026-06-24,123.5
CUST_1219,2026-06-16,148.85
CUST_1053,2026-07-21,34.21
CUST_1445,2026-07-27,57.46
CUST_1038,2026-05-10,113.92
CUST_1058,2026-01-24,162.6
CUST_1449,2026-08-01,177.97
CUST_1530,2026-07-11,22.21
CUST_1528,2026-05-16,105.97
CUST_1368,2026-07-15,68.34
CUST_1600,2026-07-18,16.01
CUST_1092,2026-06-11,130.29
CUST_1596,2026-07-05,104.38
CUST_1413,2026-06-07,57.22
CUST_1109,2026-06-09,87.95
CUST_1119,2026-04-18,159.49
CUST_1453,2025-12-25,97.06
CUST_1347,2026-01-02,81.8
CUST_1600,2026-03-26,84.96
CUST_1391,2026-05-28,53.42
CUST_1361,2026-06-15,13.25
CUST_1254,2026-07-10,74.02
CUST_1350,2026-07-27,68.39
CUST_1275,2026-07-19,135.89
CUST_1194,2026-06-18,49.64
CUST_1271,2026-07-17,50.03
CUST_1364,2026-07-21,36.75
CUST_1504,2026-06-01,141.43
CUST_1043,2026-04-01,70.56
CUST_1588,2026-03-22,86.2
CUST_1523,2026-07-11,52.45
CUST_1055,2026-06-14,77.11
CUST_1033,2026-06-17,73.36
CUST_1178,2026-06-23,38.85
CUST_1323,2026-05-18,99.99
CUST_1265,2026-07-19,57.43
CUST_1351,2026-07-03,87.32
CUST_1381,2026-07-03,74.23
CUST_1585,2026-07-23,99.14
CUST_1102,2026-05-11,155.73
CUST_1390,2026-07-18,154.11
CUST_1484,2026-04-17,46.67
CUST_1529,2026-06-13,63.81
CUST_1256,2026-06-09,97.82
CUST_1167,2026-07-28,159.78
CUST_1098,2026-06-24,66.09
CUST_1573,2026-06-10,158.17
CUST_1421,2026-07-24,188.35
CUST_1203,2026-06-07,112.63
CUST_1291,2026-07-04,117.53
CUST_1457,2026-03-11,71.78
CUST_1148,2026-03-23,110.78
CUST_1431,2026-05-29,98.44
CUST_1073,2026-07-27,67.18
CUST_1298,2026-05-13,104.2
CUST_1455,2026-04-25,90.54
CUST_1171,2026-07-19,18.97
CUST_1257,2026-01-30,123.83
CUST_1170,2026-06-30,34.95
CUST_1484,2026-06-11,20.05
CUST_1085,2026-07-25,106.51
CUST_1399,2026-07-08,55.56
CUST_1129,2026-07-23,115.46
CUST_1333,2026-03-25,82.93
CUST_1278,2026-06-11,41.01
CUST_1552,2026-07-20,102.83
CUST_1577,2026-06-25,110.63
CUST_1355,2026-06-20,53.07
CUST_1315,2026-07-03,57.07
CUST_1000,2026-06-14,139.55
CUST_1293,2026-06-21,12.43
CUST_1488,2026-07-09,141.95
CUST_1236,2026-04-20,94.69
CUST_1574,2026-06-25,55.86
CUST_1399,2026-04-09,52.27
CUST_1245,2026-06-15,154.08
CUST_1278,2026-07-11,134.95
CUST_1422,2026-07-19,30.14
CUST_1113,2026-05-28,106.44
CUST_1503,2026-07-19,92.65
CUST_1104,2026-07-11,39.54
CUST_1008,2026-07-15,43.19
CUST_1350,2026-06-27,148.72
CUST_1380,2026-06-22,150.81
CUST_1149,2026-07-29,83.33
CUST_1256,2026-04-13,142.69
CUST_1453,2026-07-14,115.98
CUST_1398,2026-05-19,63.37
CUST_1043,2026-05-05,94.9
CUST_1492,2026-05-27,49.52
CUST_1223,2025-12-09,54.16
CUST_1015,2026-07-21,59.04
CUST_1248,2026-08-01,24.41
CUST_1486,2026-05-18,43.78
CUST_1254,2026-07-21,34.26
CUST_1061,2026-07-28,111.57
CUST_1109,2026-07-24,53.76
CUST_1355,2026-04-17,79.13
CUST_1386,2026-07-04,40.95
CUST_1496,2026-05-14,96.4
CUST_1501,2026-07-19,47.97
CUST_1479,2026-07-12,167.82
CUST_1567,2026-07-21,92.07
CUST_1269,2026-06-12,81.16
CUST_1518,2026-07-02,181.65
CUST_1244,2026-07-07,29.13
CUST_1396,2026-07-19,119.75
CUST_1157,2026-06-01,64.64
CUST_1113,2026-07-26,114.48
CUST_1132,2026-07-20,48.62
CUST_1397,2026-05-24,91.27
CUST_1262,2026-07-29,52.28
CUST_1013,2026-02-09,50.79
CUST_1081,2026-06-21,110.46
CUST_1425,2026-04-11,106.29
CUST_1072,2026-04-07,31.91
CUST_1531,2026-07-26,130.03
CUST_1194,2026-07-19,114.06
CUST_1183,2026-06-09,96.26
CUST_1590,2026-07-04,81.78
CUST_1106,2026-07-21,47.17
CUST_1345,2026-05-24,92.49
CUST_1360,2026-03-03,94.98
CUST_1380,2026-06-28,109.36
CUST_1331,2026-06-02,97.06
CUST_1563,2026-02-13,56.37
CUST_1458,2026-01-05,60.05
CUST_1138,2025-09-09,62.13
CUST_1227,2026-07-17,63.71
CUST_1282,2026-02-19,89.13
CUST_1585,2026-07-22,23.32
CUST_1141,2026-07-12,56.63
CUST_1584,2026-06-29,234.42
CUST_1332,2026-04-21,46.18
CUST_1590,2026-04-12,34.92
CUST_1038,2026-05-08,99.21
CUST_1057,2026-02-17,66.06
CUST_1444,2026-06-27,188.66
CUST_1232,2026-05-04,177.35
CUST_1391,2026-07-29,91.06
CUST_1578,2026-07-22,87.84
CUST_1051,2026-05-21,137.88
CUST_1092,2026-07-16,60.68
CUST_1135,2026-07-06,84.11
CUST_1561,2026-06-29,33.18
CUST_1133,2026-04-30,84.81
CUST_1404,2026-05-25,49.19
CUST_1536,2026-07-14,30.75
CUST_1331,2026-05-18,99.16
CUST_1423,2026-06-27,67.75
CUST_1024,2026-04-28,45.7
CUST_1452,2026-05-30,79.36
CUST_1239,2026-07-18,70.88
CUST_1087,2026-07-25,27.3
CUST_1151,2026-03-23,122.19
CUST_1460,2026-06-21,65.76
CUST_1216,2026-07-18,90.89
CUST_1494,2026-05-30,116.46
CUST_1539,2026-07-30,45.84
CUST_1277,2026-07-29,72.73
CUST_1368,2026-03-25,17.52
CUST_1395,2026-07-15,71.74
CUST_1101,2026-03-02,85.33
CUST_1090,2026-07-19,87.59
CUST_1022,2026-07-30,86.07
CUST_1018,2026-07-05,68.19
CUST_1241,2025-08-08,28.87
CUST_1396,2026-03-11,95.75
CUST_1155,2026-07-05,73.25
CUST_1391,2026-06-15,118.58
CUST_1232,2026-06-27,98.65
CUST_1319,2026-02-26,65.44
CUST_1211,2026-05-25,100.0
CUST_1207,2026-03-25,63.0
CUST_1536,2026-02-26,78.0
CUST_1148,2026-05-24,97.33
CUST_1069,2026-06-10,64.03
CUST_1030,2026-04-29,75.58
CUST_1280,2026-07-22,48.14
CUST_1026,2026-04-30,105.39
CUST_1580,2026-06-01,102.62
CUST_1026,2026-07-04,120.87
CUST_1514,2026-04-02,83.14
CUST_1188,2026-03-30,86.29
CUST_1197,2026-07-16,75.24
CUST_1276,2026-01-19,52.51
CUST_1207,2026-05-01,29.69
CUST_1449,2026-03-23,86.07
CUST_1468,2026-03-12,77.67
CUST_1389,2026-05-11,73.42
CUST_1585,2026-06-04,91.18
CUST_1039,2026-06-15,80.83
CUST_1043,2026-03-18,55.35
CUST_1040,2026-06-09,89.84
CUST_1050,2026-07-19,79.24
CUST_1292,2026-06-22,77.01
CUST_1055,2026-05-17,111.88
CUST_1512,2026-07-25,146.25
CUST_1559,2026-07-23,75.87
CUST_1183,2026-06-23,211.35
CUST_1465,2026-07-26,64.81
CUST_1167,2026-05-11,39.32
CUST_1460,2026-05-28,33.22
CUST_1523,2026-06-01,44.45
CUST_1044,2026-04-28,114.61
CUST_1148,2026-07-20,126.63
CUST_1316,2026-05-08,47.21
CUST_1207,2026-08-01,87.16
CUST_1005,2026-06-02,86.57
CUST_1487,2026-06-23,79.54
CUST_1006,2026-07-14,94.55
CUST_1570,2026-04-12,50.65
CUST_1056,2026-05-25,23.06
CUST_1591,2026-04-05,61.73
CUST_1050,2026-07-25,60.03
CUST_1586,2026-04-23,46.78
CUST_1592,2026-07-03,22.82
CUST_1330,2026-07-03,71.52
CUST_1437,2026-04-03,29.45
CUST_1124,2026-05-16,58.83
CUST_1537,2026-07-17,50.83
CUST_1585,2026-05-08,108.54
CUST_1495,2026-05-10,104.1
CUST_1294,2026-06-26,99.02
CUST_1132,2026-06-01,86.99
CUST_1509,2026-06-18,47.1
CUST_1297,2025-11-23,107.88
CUST_1212,2026-04-19,65.99
CUST_1217,2026-08-01,49.83
CUST_1069,2026-07-09,88.46
CUST_1006,2026-07-25,65.93
CUST_1582,2026-05-31,20.9
CUST_1338,2026-04-07,83.93
CUST_1139,2026-06-20,108.2
CUST_1549,2026-03-07,82.29
CUST_1057,2026-04-06,61.83
CUST_1323,2026-06-10,17.38
CUST_1339,2026-04-19,21.51
CUST_1547,2026-04-03,98.33
CUST_1119,2026-03-25,137.48
CUST_1322,2026-05-13,58.48
CUST_1243,2026-07-02,166.9
CUST_1537,2026-07-09,37.61
CUST_1206,2026-02-24,79.79
CUST_1494,2026-03-02,43.66
CUST_1495,2026-05-08,90.94
CUST_1146,2026-04-28,35.4
CUST_1528,2026-05-20,40.66
CUST_1470,2026-07-01,63.24
CUST_1089,2026-07-06,142.05
CUST_1023,2026-06-06,63.38
CUST_1328,2026-07-18,60.3
CUST_1451,2026-05-21,58.62
CUST_1117,2026-08-01,107.41
CUST_1211,2026-06-12,94.87
CUST_1290,2026-06-07,45.97
CUST_1346,2026-06-12,72.1
CUST_1401,2026-07-20,102.57
CUST_1456,2026-05-31,63.41
CUST_1546,2026-07-27,240.91
CUST_1581,2026-07-23,159.37
CUST_1479,2026-07-26,63.16
CUST_1476,2026-06-21,69.61
CUST_1338,2026-04-22,21.25
CUST_1359,2026-06-20,67.79
CUST_1520,2026-07-25,161.41
CUST_1333,2026-06-10,30.61
CUST_1472,2026-06-29,75.86
CUST_1561,2026-07-21,85.02
CUST_1213,2026-04-14,101.68
CUST_1445,2026-06-08,67.01
CUST_1177,2026-05-23,31.9
CUST_1587,2026-04-06,37.93
CUST_1333,2026-06-10,37.07
CUST_1388,2026-07-07,111.65
CUST_1222,2026-04-13,203.14
CUST_1000,2026-05-02,114.9
CUST_1298,2026-06-30,99.48
CUST_1324,2026-07-09,151.91
CUST_1445,2026-05-11,230.99
CUST_1596,2026-08-01,39.91
CUST_1378,2026-03-04,96.56
CUST_1112,2026-03-26,124.2
CUST_1325,2026-05-13,74.91
CUST_1216,2026-05-23,83.98
CUST_1393,2026-04-03,69.22
CUST_1295,2025-07-09,116.85
CUST_1073,2026-05-26,42.26
CUST_1447,2025-12-05,41.1
CUST_1425,2026-03-27,208.58
CUST_1435,2026-05-30,81.2
CUST_1460,2026-07-01,52.9
CUST_1007,2026-06-06,87.75
CUST_1559,2026-06-07,85.14
CUST_1594,2026-06-20,121.42
CUST_1539,2025-11-07,82.62
CUST_1090,2026-07-14,108.86
CUST_1079,2026-05-19,93.3
CUST_1054,2026-03-02,92.66
CUST_1464,2026-06-16,83.21
CUST_1431,2026-07-04,45.47
CUST_1311,2026-05-09,97.15
CUST_1484,2026-06-06,98.64
CUST_1298,2026-04-16,107.66
CUST_1084,2026-07-24,31.72
CUST_1258,2026-07-23,59.62
CUST_1014,2026-05-06,103.93
CUST_1154,2026-05-24,70.38
CUST_1241,2026-06-19,153.85
CUST_1351,2025-11-05,163.28
CUST_1422,2026-04-28,54.4
CUST_1171,2026-07-17,132.53
CUST_1270,2026-05-02,38.19
CUST_1408,2026-06-20,84.17
CUST_1545,2026-07-15,119.82
CUST_1268,2026-07-22,118.69
CUST_1042,2026-07-26,92.09
CUST_1442,2026-06-01,113.08
CUST_1276,2026-07-12,35.4
CUST_1400,2026-06-22,117.99
CUST_1199,2026-06-15,118.52
CUST_1320,2026-06-11,117.44
CUST_1012,2026-06-28,91.19
CUST_1359,2026-07-16,59.9
CUST_1024,2026-05-31,27.8
CUST_1222,2026-01-18,110.29
CUST_1122,2026-07-27,104.08
CUST_1579,2026-04-18,47.73
CUST_1188,2026-07-14,82.9
CUST_1464,2026-02-16,59.07
CUST_1331,2026-07-13,146.95
CUST_1063,2026-07-01,65.85
CUST_1271,2026-07-20,30.32
CUST_1205,2026-06-01,46.91
CUST_1147,2026-06-12,78.15
CUST_1108,2026-02-24,127.48
CUST_1074,2026-07-28,130.66
CUST_1019,2026-03-07,42.94
CUST_1038,2026-05-22,57.87
CUST_1400,2026-06-07,89.73
CUST_1502,2026-06-20,74.65
CUST_1071,2026-06-12,8.51
CUST_1493,2026-07-24,92.7
CUST_1341,2026-05-19,74.23
CUST_1092,2026-07-03,172.81
CUST_1296,2026-05-26,46.67
CUST_1393,2026-05-23,61.78
CUST_1109,2026-05-29,69.09
CUST_1448,2026-05-07,41.69
CUST_1244,2026-06-19,29.06
CUST_1315,2026-06-17,66.66
CUST_1043,2026-06-29,51.15
CUST_1535,2026-06-23,118.6
CUST_1152,2026-05-06,53.8
CUST_1144,2026-06-19,17.51
CUST_1046,2026-07-14,109.24
CUST_1099,2026-06-23,45.89
CUST_1108,2026-07-25,102.38
CUST_1064,2026-04-17,77.5
CUST_1411,2026-07-07,41.32
CUST_1218,2026-04-30,102.05
CUST_1123,2026-07-12,139.32
CUST_1378,2026-06-10,79.12
CUST_1041,2026-07-23,150.68
CUST_1385,2026-04-26,16.12
CUST_1006,2026-08-01,102.16
CUST_1487,2026-05-17,50.46
CUST_1535,2026-06-24,54.56
CUST_1038,2026-06-04,127.94
CUST_1090,2026-05-29,147.6
CUST_1004,2026-06-09,48.65
CUST_1097,2026-05-31,185.32
CUST_1519,2026-07-16,143.41
CUST_1283,2026-07-29,37.68
CUST_1485,2026-06-18,44.43
CUST_1055,2026-05-26,60.12
CUST_1342,2026-05-31,36.39
CUST_1550,2026-07-20,148.64
CUST_1118,2026-07-28,54.08
CUST_1593,2026-07-07,49.53
CUST_1333,2026-07-16,37.29
CUST_1242,2026-05-07,52.27
CUST_1496,2026-07-29,78.75
CUST_1465,2026-07-20,70.84
CUST_1198,2026-05-29,39.86
CUST_1061,2026-07-11,37.44
CUST_1428,2026-07-20,67.18
CUST_1160,2026-04-22,110.28
CUST_1174,2026-06-06,95.4
CUST_1421,2026-03-28,85.97
CUST_1484,2026-04-06,59.41
CUST_1252,2026-07-14,78.54
CUST_1152,2026-02-23,24.95
CUST_1516,2026-07-30,92.07
CUST_1100,2026-06-23,54.72
CUST_1012,2026-05-17,74.99
CUST_1367,2026-07-10,112.18
CUST_1491,2026-05-22,44.71
CUST_1584,2026-05-04,19.42
CUST_1141,2026-03-20,74.83
CUST_1379,2026-05-29,108.22
CUST_1340,2026-06-13,61.5
CUST_1555,2026-06-07,50.59
CUST_1343,2026-05-07,27.36
CUST_1372,2026-03-12,37.42
CUST_1041,2026-07-03,46.5
CUST_1068,2026-06-09,66.13
CUST_1489,2026-05-07,137.71
CUST_1214,2026-05-03,140.36
CUST_1273,2026-06-17,77.07
CUST_1381,2026-07-05,85.55
CUST_1125,2026-06-21,92.19
CUST_1299,2026-06-23,70.18
CUST_1067,2026-07-19,72.98
CUST_1078,2026-07-25,59.02
CUST_1508,2026-07-22,50.22
CUST_1023,2026-07-10,40.56
CUST_1454,2026-05-07,18.6
CUST_1532,2026-05-26,75.63
CUST_1334,2026-06-19,115.95
CUST_1561,2026-06-24,62.4
CUST_1313,2026-07-20,57.09
CUST_1295,2026-04-28,25.69
CUST_1466,2026-01-10,106.6
CUST_1548,2026-07-11,121.97
CUST_1157,2026-07-21,38.33
CUST_1588,2026-07-24,57.14
CUST_1575,2026-05-14,115.88
CUST_1151,2026-07-02,93.4
CUST_1308,2026-07-24,19.58
CUST_1148,2026-01-22,88.57
CUST_1302,2026-06-21,60.69
CUST_1587,2026-05-22,153.93
CUST_1452,2026-07-06,37.62
CUST_1041,2026-07-23,95.12
CUST_1411,2026-05-31,52.24
CUST_1334,2026-07-29,110.93
CUST_1227,2026-04-25,142.35
CUST_1085,2026-06-12,80.02
CUST_1089,2025-12-03,73.45
CUST_1523,2026-01-27,42.81
CUST_1378,2026-07-01,14.55
CUST_1315,2025-11-28,130.75
CUST_1425,2026-04-18,60.55
CUST_1434,2026-05-09,75.95
CUST_1088,2026-07-22,62.3
CUST_1537,2025-10-25,29.68
CUST_1384,2026-07-26,75.35
CUST_1424,2026-07-20,82.24
CUST_1140,2026-07-18,86.16
CUST_1309,2026-04-07,62.38
CUST_1474,2026-07-16,61.93
CUST_1483,2026-07-24,115.96
CUST_1183,2026-06-18,120.8
CUST_1122,2026-04-29,86.51
CUST_1370,2026-06-06,97.45
CUST_1487,2025-12-07,161.73
CUST_1589,2026-07-31,57.03
CUST_1149,2026-07-07,44.91
CUST_1429,2026-05-28,60.91
CUST_1078,2026-06-16,142.13
CUST_1096,2026-06-03,45.42
CUST_1323,2026-04-10,120.15
CUST_1371,2026-07-26,99.83
CUST_1013,2026-07-23,59.68
CUST_1421,2026-07-05,43.72
CUST_1192,2026-04-20,96.34
CUST_1538,2026-04-02,126.75
CUST_1116,2026-06-27,67.74
CUST_1142,2026-04-13,205.21
CUST_1350,2026-07-20,62.48
CUST_1121,2026-07-16,53.01
CUST_1133,2025-11-17,77.32
CUST_1114,2026-07-27,144.87
CUST_1043,2026-07-18,21.98
CUST_1060,2026-06-21,35.11
CUST_1210,2026-06-05,49.69
CUST_1029,2026-07-26,175.33
CUST_1593,2026-07-05,44.54
CUST_1247,2026-06-17,30.12
CUST_1014,2026-06-14,127.58
CUST_1175,2026-03-04,92.98
CUST_1101,2026-02-15,237.79
CUST_1486,2026-07-03,101.41
CUST_1109,2026-07-20,68.55
CUST_1219,2026-06-16,75.11
CUST_1321,2026-07-24,37.32
CUST_1369,2026-05-14,96.1
CUST_1335,2026-06-18,72.24
CUST_1319,2026-05-18,75.07
CUST_1438,2026-07-19,30.36
CUST_1487,2026-02-01,70.1
CUST_1503,2026-05-21,73.69
CUST_1087,2026-07-24,73.5
CUST_1104,2026-05-06,69.64
CUST_1205,2026-06-04,171.21
CUST_1285,2026-04-29,141.98
CUST_1409,2026-07-04,116.12
CUST_1496,2026-06-16,42.74
CUST_1125,2026-07-14,87.11
CUST_1137,2026-07-31,133.49
CUST_1510,2026-05-20,118.85
CUST_1098,2026-05-01,114.94
CUST_1504,2026-04-21,49.93
CUST_1502,2026-06-17,93.79
CUST_1553,2026-06-11,78.04
CUST_1392,2026-06-24,179.3
CUST_1036,2026-07-30,96.02
CUST_1310,2026-03-14,45.02
CUST_1319,2026-05-12,85.73
CUST_1502,2026-05-23,120.24
CUST_1487,2026-06-09,43.96
CUST_1269,2026-06-18,68.3
CUST_1328,2026-07-28,101.6
CUST_1375,2026-07-05,35.25
CUST_1365,2026-06-28,27.71
CUST_1240,2026-05-26,101.95
CUST_1067,2026-03-22,37.96
CUST_1551,2026-07-07,82.08
CUST_1581,2026-06-15,76.85
CUST_1480,2026-06-05,72.93
CUST_1500,2026-07-26,117.95
CUST_1514,2026-04-15,116.27
CUST_1306,2026-07-03,78.77
CUST_1077,2026-04-04,92.78
CUST_1048,2026-07-10,98.75
CUST_1094,2026-05-11,99.52
CUST_1279,2026-07-28,154.57
CUST_1214,2026-07-05,31.68
CUST_1516,2026-04-18,78.37
CUST_1204,2026-06-28,56.03
CUST_1560,2026-07-20,17.33
CUST_1191,2026-06-07,51.31
CUST_1478,2026-07-12,110.26
CUST_1444,2026-02-05,49.77
CUST_1246,2026-07-22,120.23
CUST_1445,2026-06-28,183.71
CUST_1208,2026-04-02,57.93
CUST_1164,2026-07-13,103.47
CUST_1116,2026-07-22,20.47
CUST_1317,2026-06-22,96.53
CUST_1037,2026-07-18,58.63
CUST_1284,2026-05-24,46.59
CUST_1497,2026-04-24,27.47
CUST_1321,2026-06-03,188.22
CUST_1416,2026-03-07,117.2
CUST_1406,2026-01-27,129.78
CUST_1114,2026-06-07,87.54
CUST_1594,2026-01-19,39.13
CUST_1337,2026-04-07,133.33
CUST_1241,2026-02-04,51.94
CUST_1219,2025-12-17,79.23
CUST_1057,2026-06-19,70.99
CUST_1324,2026-06-11,83.98
CUST_1284,2026-03-17,127.55
CUST_1021,2026-05-26,133.95
CUST_1055,2026-05-17,149.84
CUST_1565,2026-07-01,110.46
CUST_1124,2026-06-13,54.21
CUST_1008,2026-02-26,73.27
CUST_1261,2026-07-09,61.6
CUST_1164,2026-02-22,108.99
CUST_1416,2026-04-22,58.79
CUST_1503,2026-06-21,75.8
CUST_1432,2026-03-18,162.61
CUST_1267,2026-06-17,68.19
CUST_1560,2026-05-06,81.05
CUST_1053,2026-05-27,47.6
CUST_1139,2026-08-01,49.69
CUST_1589,2026-07-27,44.17
CUST_1133,2026-04-01,120.33
CUST_1327,2026-06-23,46.26
CUST_1335,2026-04-19,49.51
CUST_1186,2026-06-30,71.32
CUST_1584,2026-07-16,286.5
CUST_1234,2026-02-28,123.97
CUST_1410,2026-05-31,103.32
CUST_1376,2026-07-20,97.72
CUST_1538,2026-06-25,117.62
CUST_1208,2026-07-19,184.81
CUST_1294,2026-05-04,71.91
CUST_1211,2026-06-03,118.4
CUST_1418,2026-04-21,20.8
CUST_1241,2026-05-31,119.99
CUST_1010,2026-06-21,191.13
CUST_1407,2026-05-18,126.95
CUST_1262,2026-07-28,96.07
CUST_1240,2026-06-21,68.49
CUST_1046,2026-08-01,88.15
CUST_1404,2026-05-21,40.59
CUST_1042,2026-06-06,57.13
CUST_1347,2026-03-18,40.55
CUST_1543,2026-06-26,57.14
CUST_1130,2026-06-18,69.26
CUST_1269,2026-06-01,140.57
CUST_1320,2026-06-25,45.13
CUST_1503,2026-04-30,43.27
CUST_1450,2026-07-29,42.91
CUST_1036,2026-06-21,44.94
CUST_1118,2025-08-19,68.76
CUST_1496,2026-06-23,37.65
CUST_1151,2026-07-24,34.63
CUST_1184,2026-04-06,137.0
CUST_1576,2026-03-10,100.78
CUST_1004,2026-06-14,98.3
CUST_1078,2026-07-14,87.23
CUST_1336,2026-07-31,119.32
CUST_1403,2026-07-02,64.75
CUST_1471,2026-04-08,114.62
CUST_1275,2026-06-04,10.72
CUST_1463,2026-07-07,131.75
CUST_1582,2026-07-23,185.67
CUST_1289,2026-07-07,74.01
CUST_1408,2026-07-26,146.52
CUST_1157,2026-07-24,86.2
CUST_1317,2026-03-02,103.87
CUST_1098,2026-04-08,89.33
CUST_1397,2026-06-20,97.04
CUST_1432,2026-04-15,105.73
CUST_1436,2026-07-26,89.43
CUST_1229,2026-05-26,127.03
CUST_1539,2026-05-29,91.1
CUST_1447,2026-07-27,154.71
CUST_1130,2026-05-19,61.96
CUST_1437,2026-07-10,25.16
CUST_1435,2026-06-28,82.58
CUST_1259,2026-07-04,100.76
CUST_1016,2026-07-25,115.04
CUST_1186,2026-04-03,25.2
CUST_1304,2026-07-08,129.74
CUST_1460,2026-05-30,57.7
CUST_1191,2026-07-17,31.96
CUST_1265,2026-03-21,36.69
CUST_1005,2026-06-30,15.08
CUST_1471,2026-05-17,189.3
CUST_1498,2026-07-09,159.49
CUST_1404,2026-04-17,33.62
CUST_1195,2026-07-25,16.23
CUST_1027,2026-07-17,112.38
CUST_1446,2026-04-04,182.48
CUST_1088,2026-07-09,82.42
CUST_1022,2026-07-24,216.96
CUST_1455,2025-12-29,83.52
CUST_1599,2026-07-14,61.29
CUST_1401,2026-07-29,12.15
CUST_1442,2025-11-22,176.86
CUST_1567,2025-05-08,23.13
CUST_1525,2026-06-04,105.3
CUST_1499,2026-07-15,99.22
CUST_1274,2026-03-09,76.33
CUST_1506,2026-05-30,111.89
CUST_1446,2026-07-31,60.47
CUST_1352,2026-06-25,88.6
CUST_1347,2026-02-17,179.64
CUST_1479,2026-07-23,61.12
CUST_1426,2026-04-07,117.51
CUST_1483,2026-04-19,174.61
CUST_1289,2026-05-17,33.37
CUST_1177,2026-07-18,104.27
CUST_1425,2026-01-27,86.61
CUST_1570,2026-07-29,17.15
CUST_1365,2026-05-20,46.42
CUST_1515,2026-07-30,29.2
CUST_1232,2026-07-24,52.7
CUST_1348,2026-04-24,143.09
CUST_1570,2026-07-12,43.26
CUST_1527,2026-06-02,36.35
CUST_1448,2026-04-19,104.97
CUST_1104,2026-04-11,108.72
CUST_1370,2026-07-21,60.97
CUST_1518,2026-06-18,69.64
CUST_1125,2026-04-01,79.18
CUST_1006,2026-07-14,157.8
CUST_1517,2026-07-20,57.82
CUST_1424,2026-07-03,115.76
CUST_1542,2026-06-27,53.2
CUST_1423,2026-02-20,212.71
CUST_1528,2026-04-21,69.4
CUST_1149,2026-04-28,128.05
CUST_1071,2026-07-27,63.7
CUST_1168,2026-06-25,73.3
CUST_1154,2026-03-03,28.0
CUST_1532,2025-12-11,76.61
CUST_1566,2026-03-20,129.07
CUST_1352,2026-08-01,59.48
CUST_1150,2026-05-15,80.11
CUST_1557,2026-05-30,106.52
CUST_1353,2026-03-12,147.24
CUST_1202,2026-03-16,33.04
CUST_1399,2026-05-10,134.12
CUST_1553,2026-07-11,34.5
CUST_1533,2026-07-05,109.83
CUST_1552,2026-06-04,54.82
CUST_1432,2025-10-23,37.34
CUST_1381,2026-07-13,88.58
CUST_1127,2026-06-24,98.57
CUST_1347,2025-11-10,156.25
CUST_1579,2026-05-12,61.82
CUST_1586,2026-05-21,127.21
CUST_1253,2026-07-25,89.88
CUST_1369,2026-06-23,42.62
CUST_1421,2026-07-27,28.9
CUST_1487,2026-07-17,31.94
CUST_1412,2026-06-05,90.25
CUST_1270,2026-06-05,109.98
CUST_1501,2026-05-08,76.3
CUST_1517,2026-07-24,126.4
CUST_1525,2026-03-25,38.5
CUST_1484,2026-07-30,44.04
CUST_1121,2026-06-03,75.24
CUST_1585,2026-07-10,90.82
CUST_1312,2025-09-29,62.31
CUST_1146,2026-07-23,101.45
CUST_1312,2026-03-12,51.64
CUST_1500,2026-08-01,94.59
CUST_1045,2026-06-27,98.67
CUST_1345,2026-04-25,84.03
CUST_1135,2026-04-30,88.18
CUST_1460,2026-05-22,42.96
CUST_1091,2026-04-19,115.66
CUST_1238,2026-03-05,66.62
CUST_1453,2026-05-07,111.84
CUST_1025,2026-06-07,152.61
CUST_1574,2026-05-26,111.44
CUST_1554,2026-06-07,26.94
CUST_1193,2026-05-03,87.88
CUST_1544,2026-07-20,17.48
CUST_1251,2026-04-08,171.63
CUST_1086,2026-04-17,104.47
CUST_1046,2026-06-19,47.18
CUST_1540,2026-07-08,56.75
CUST_1101,2026-06-12,60.15
CUST_1091,2026-07-22,28.23
CUST_1185,2026-07-31,28.14
CUST_1327,2026-07-23,272.19
CUST_1053,2026-07-18,137.66
CUST_1504,2026-06-16,88.13
CUST_1275,2026-07-28,82.61
CUST_1495,2026-07-31,109.41
CUST_1019,2026-07-12,55.43
CUST_1128,2026-07-09,75.0
CUST_1512,2026-07-18,93.04
CUST_1568,2026-06-23,102.88
CUST_1389,2025-04-21,44.65
CUST_1071,2026-07-09,73.56
CUST_1143,2026-05-10,51.05
CUST_1325,2026-03-15,58.66
CUST_1329,2026-07-05,81.93
CUST_1016,2026-02-23,40.81
CUST_1487,2026-08-01,95.88
CUST_1500,2026-04-30,93.13
CUST_1079,2026-06-12,207.68
CUST_1455,2026-05-21,68.33
CUST_1366,2026-07-01,171.75
CUST_1008,2026-07-24,70.47
CUST_1009,2026-07-16,17.78
CUST_1366,2026-07-19,160.85
CUST_1226,2026-07-15,86.62
CUST_1287,2026-06-18,124.64
CUST_1007,2026-07-18,163.01
CUST_1284,2026-06-08,86.65
CUST_1579,2026-05-21,103.78
CUST_1131,2026-05-04,39.89
CUST_1233,2026-03-16,131.03
CUST_1023,2025-09-22,122.0
CUST_1258,2026-05-19,77.62
CUST_1053,2026-03-29,64.68
CUST_1416,2026-07-12,119.07
CUST_1370,2026-06-15,24.77
CUST_1048,2026-07-11,76.71
CUST_1005,2026-06-30,66.1
CUST_1025,2025-10-04,52.89
CUST_1076,2026-02-21,49.29
CUST_1064,2026-05-30,35.15
CUST_1024,2026-06-04,108.03
CUST_1256,2026-07-14,83.8
CUST_1055,2026-04-11,90.36
CUST_1074,2026-04-26,106.78
CUST_1457,2026-06-06,33.26
CUST_1034,2026-07-02,205.52
CUST_1130,2026-07-28,105.16
CUST_1104,2026-05-20,96.43
CUST_1390,2026-06-29,106.36
CUST_1010,2026-06-23,82.52
CUST_1103,2026-07-06,81.16
CUST_1197,2026-07-25,14.6
CUST_1198,2026-03-02,39.68
CUST_1363,2026-06-27,129.88
CUST_1248,2026-07-23,24.92
CUST_1598,2026-06-25,63.26
CUST_1149,2026-07-22,62.96
CUST_1377,2025-12-16,90.06
CUST_1148,2026-07-29,88.52
CUST_1055,2026-06-27,49.1
CUST_1206,2026-04-24,66.93
CUST_1478,2026-06-03,65.67
CUST_1343,2026-05-31,76.53
CUST_1465,2026-03-19,122.05
CUST_1218,2026-07-15,132.59
CUST_1339,2026-04-16,71.14
CUST_1006,2026-07-03,38.07
CUST_1199,2026-05-29,60.0
CUST_1268,2026-05-11,66.72
CUST_1182,2026-07-18,46.6
CUST_1103,2026-07-31,118.46
CUST_1113,2026-07-06,50.97
CUST_1378,2026-04-16,114.9
CUST_1444,2026-03-18,29.54
CUST_1133,2026-04-21,48.62
CUST_1383,2026-07-08,77.93
CUST_1047,2026-04-30,101.06
CUST_1301,2026-04-22,65.25
CUST_1286,2026-03-20,178.51
CUST_1500,2026-07-17,32.53
CUST_1066,2026-07-21,72.66
CUST_1521,2026-07-02,90.24
CUST_1382,2026-06-14,85.14
CUST_1485,2026-07-12,74.27
CUST_1597,2026-05-25,50.59
CUST_1462,2026-03-25,73.64
CUST_1386,2026-06-07,95.06
CUST_1086,2026-07-10,90.23
CUST_1042,2026-06-22,107.07
CUST_1478,2026-06-26,70.11
CUST_1279,2026-07-01,47.06
CUST_1077,2026-07-04,32.71
CUST_1525,2026-06-11,31.95
CUST_1233,2026-07-26,49.72
CUST_1337,2026-07-14,135.61
CUST_1281,2026-07-19,103.96
CUST_1556,2026-02-24,163.55
CUST_1413,2026-01-24,163.34
CUST_1012,2026-06-21,89.33
CUST_1152,2026-03-24,53.13
CUST_1214,2026-06-21,89.79
CUST_1479,2026-05-10,82.14
CUST_1320,2026-04-02,77.83
CUST_1427,2026-07-17,80.61
CUST_1383,2026-07-23,133.49
CUST_1363,2026-07-06,76.59
CUST_1413,2026-04-30,121.42
CUST_1023,2026-06-08,406.1
CUST_1581,2026-05-29,103.78
CUST_1400,2025-11-20,50.22
CUST_1547,2026-07-01,83.97
CUST_1462,2026-05-27,62.47
CUST_1566,2026-07-20,165.48
CUST_1027,2026-07-19,30.34
CUST_1290,2026-07-18,60.84
CUST_1465,2026-07-29,90.19
CUST_1420,2026-06-30,76.49
CUST_1398,2026-01-12,50.4
CUST_1486,2026-07-21,99.01
CUST_1207,2026-06-17,120.12
CUST_1007,2025-09-29,80.05
CUST_1252,2026-06-14,225.36
CUST_1471,2026-06-22,111.91
CUST_1355,2026-05-15,126.53
CUST_1179,2026-06-28,47.06
CUST_1442,2026-06-23,97.94
CUST_1044,2026-07-15,108.37
CUST_1068,2026-05-16,129.3
CUST_1505,2026-06-28,70.26
CUST_1516,2026-04-29,65.05
CUST_1258,2026-07-17,110.45
CUST_1472,2026-07-01,135.83
CUST_1406,2026-07-30,55.95
CUST_1139,2026-07-07,136.63
CUST_1069,2026-07-27,114.09
CUST_1448,2026-07-23,162.69
CUST_1174,2026-04-05,104.49
CUST_1127,2026-06-13,73.0
CUST_1011,2026-05-20,43.58
CUST_1221,2026-05-12,79.57
CUST_1535,2026-05-27,127.74
CUST_1399,2026-05-17,79.82
CUST_1049,2026-04-27,142.35
CUST_1383,2026-02-27,162.74
CUST_1064,2026-07-16,199.13
CUST_1171,2026-05-10,24.9
CUST_1334,2026-07-07,108.13
CUST_1554,2026-06-30,77.71
CUST_1108,2026-07-04,46.28
CUST_1323,2026-08-01,51.29
CUST_1285,2026-05-25,70.29
CUST_1223,2026-06-28,142.49
CUST_1104,2026-05-12,150.75
CUST_1582,2026-07-20,118.56
CUST_1136,2026-07-06,109.76
CUST_1325,2025-11-26,116.06
CUST_1018,2026-06-02,100.67
CUST_1238,2026-06-17,18.31
CUST_1127,2026-07-08,133.52
CUST_1081,2026-07-28,70.97
CUST_1155,2026-07-02,111.07
CUST_1454,2026-05-06,65.37
CUST_1040,2026-06-15,60.52
CUST_1339,2026-07-05,50.42
CUST_1254,2026-04-18,122.77
CUST_1390,2026-06-15,47.58
CUST_1066,2026-03-22,30.43
CUST_1144,2026-02-01,39.62
CUST_1562,2026-04-08,31.95
CUST_1318,2026-07-21,49.37
CUST_1254,2026-07-09,99.23
CUST_1206,2026-07-12,45.5
CUST_1517,2026-06-01,78.44
CUST_1493,2026-07-31,71.83
CUST_1307,2026-06-04,43.48
CUST_1263,2026-07-01,62.62
CUST_1575,2026-06-02,30.8
CUST_1480,2026-07-18,184.63
CUST_1383,2026-06-19,245.03
CUST_1382,2026-07-01,62.85
CUST_1072,2026-06-28,23.61
CUST_1394,2026-02-08,44.78
CUST_1261,2026-04-28,137.49
CUST_1500,2026-05-28,70.19
CUST_1394,2026-02-13,132.89
CUST_1035,2026-02-17,69.36
CUST_1028,2026-05-16,111.72
CUST_1466,2026-01-26,42.73
CUST_1592,2026-01-16,143.62
CUST_1393,2026-06-30,100.86
CUST_1530,2026-02-26,77.58
CUST_1512,2025-12-21,114.4
CUST_1315,2026-05-07,137.76
CUST_1091,2026-07-25,98.6
CUST_1146,2026-07-12,50.89
CUST_1315,2026-08-01,45.59
CUST_1099,2026-07-28,122.78
CUST_1295,2026-05-08,45.89
CUST_1137,2026-07-18,47.37
CUST_1461,2026-06-08,51.27
CUST_1187,2026-04-16,48.65
CUST_1418,2026-06-25,109.97
CUST_1087,2026-07-02,59.11
CUST_1599,2026-07-15,85.41
CUST_1009,2026-07-28,100.23
CUST_1099,2026-07-17,150.95
CUST_1532,2025-10-24,140.51
CUST_1484,2026-05-02,104.02
CUST_1351,2025-04-01,161.1
CUST_1408,2026-07-02,27.88
CUST_1338,2026-04-17,8.27
CUST_1411,2026-05-10,103.59
CUST_1286,2026-01-17,137.45
CUST_1462,2026-05-31,114.48
CUST_1423,2026-05-23,8.32
CUST_1329,2026-07-31,69.21
CUST_1333,2026-05-20,53.87
CUST_1083,2026-07-05,267.3
CUST_1487,2025-10-24,181.81
CUST_1394,2026-07-10,49.06
CUST_1532,2026-03-19,148.41
CUST_1032,2026-07-24,152.86
CUST_1561,2025-10-22,82.88
CUST_1118,2026-06-20,93.52
CUST_1174,2026-05-03,114.66
CUST_1445,2025-09-10,20.94
CUST_1334,2026-03-03,142.09
CUST_1263,2026-05-22,115.87
CUST_1503,2026-07-26,121.72
CUST_1589,2026-04-29,103.37
CUST_1386,2026-02-26,134.96
CUST_1575,2025-12-24,78.9
CUST_1265,2026-07-25,33.63
CUST_1192,2026-05-05,38.2
CUST_1320,2026-01-13,28.84
CUST_1397,2025-11-21,64.28
CUST_1129,2026-06-15,103.54
CUST_1404,2026-08-01,160.79
CUST_1224,2026-06-17,81.39
CUST_1149,2026-05-04,177.15
CUST_1035,2026-06-03,62.98
CUST_1126,2026-07-12,176.33
CUST_1220,2026-06-18,124.66
CUST_1341,2026-07-22,127.83
CUST_1230,2026-05-15,26.87
CUST_1183,2026-03-28,130.62
CUST_1163,2025-09-29,94.65
CUST_1484,2025-10-04,139.37
CUST_1540,2026-05-09,59.79
CUST_1561,2026-06-30,40.4
CUST_1594,2026-03-24,27.21
CUST_1311,2026-06-23,44.96
CUST_1494,2026-07-10,42.38
CUST_1200,2026-05-07,12.91
CUST_1589,2026-07-26,148.64
CUST_1385,2026-01-18,77.61
CUST_1057,2026-07-26,26.85
CUST_1346,2026-06-04,74.66
CUST_1246,2026-06-30,62.24
CUST_1176,2026-05-25,71.08
CUST_1091,2026-04-26,186.71
CUST_1281,2026-05-28,79.97
CUST_1119,2026-07-27,85.97
CUST_1521,2026-07-16,100.98
CUST_1491,2026-07-12,135.65
CUST_1185,2026-07-01,61.72
CUST_1333,2026-07-28,223.77
CUST_1189,2026-06-29,123.84
CUST_1549,2026-04-24,91.91
CUST_1598,2026-06-12,161.98
CUST_1212,2025-12-25,103.09
CUST_1568,2026-06-24,63.63
CUST_1588,2026-07-17,44.63
CUST_1035,2026-07-27,39.49
CUST_1557,2026-07-20,55.67
CUST_1531,2026-03-02,61.12
CUST_1143,2026-06-07,122.49
CUST_1360,2026-06-02,89.03
CUST_1045,2026-07-15,48.16
CUST_1220,2026-01-08,103.63
CUST_1367,2026-07-11,131.08
CUST_1563,2026-07-13,71.87
CUST_1409,2026-06-23,50.16
CUST_1275,2025-08-17,122.9
CUST_1381,2026-06-09,112.21
CUST_1167,2026-06-27,43.58
CUST_1444,2026-07-02,58.31
CUST_1561,2026-06-29,65.45
CUST_1341,2026-04-26,42.59
CUST_1280,2026-08-01,71.3
CUST_1387,2026-01-16,91.37
CUST_1501,2026-07-26,67.83
CUST_1288,2026-06-10,104.58
CUST_1174,2026-07-08,137.58
CUST_1544,2026-06-10,101.91
CUST_1525,2026-05-12,114.21
CUST_1581,2026-05-07,26.94
CUST_1379,2026-05-14,55.77
CUST_1468,2026-07-19,87.82
CUST_1438,2026-06-15,128.27
CUST_1234,2026-07-09,182.31
CUST_1416,2026-04-28,175.0
CUST_1078,2026-05-08,27.92
CUST_1567,2026-02-10,87.19
CUST_1545,2026-05-16,74.84
CUST_1007,2026-05-12,124.29
CUST_1250,2025-09-01,114.96
CUST_1540,2026-05-19,24.5
CUST_1172,2026-05-21,198.85
CUST_1230,2026-07-20,70.05
CUST_1361,2026-01-15,77.05
CUST_1382,2025-12-17,66.5
CUST_1552,2026-03-31,85.12
CUST_1002,2026-05-06,97.98
CUST_1312,2026-02-10,208.44
CUST_1499,2026-07-29,10.78
CUST_1305,2026-07-04,10.21
CUST_1190,2026-06-29,12.76
CUST_1202,2026-07-27,89.57
CUST_1126,2026-02-24,11.51
CUST_1256,2026-07-16,73.57
CUST_1438,2026-03-10,92.87
CUST_1449,2026-05-24,79.21
CUST_1444,2026-08-01,200.15
CUST_1113,2026-07-19,23.97
CUST_1339,2026-03-04,44.51
CUST_1490,2026-01-05,85.95
CUST_1130,2026-07-07,141.47
CUST_1513,2026-05-09,134.65
CUST_1134,2026-07-25,43.86
CUST_1242,2026-07-29,167.08
CUST_1008,2026-06-25,60.65
CUST_1439,2026-07-14,43.44
CUST_1255,2026-07-11,38.04
CUST_1253,2026-05-22,77.88
CUST_1105,2026-05-15,87.83
CUST_1152,2026-07-16,40.6
CUST_1196,2026-02-10,77.51
CUST_1093,2026-03-25,71.69
CUST_1236,2026-07-16,77.48
CUST_1437,2026-05-26,62.43
CUST_1287,2026-01-27,126.51
CUST_1048,2026-07-19,64.52
CUST_1286,2026-02-27,35.8
CUST_1503,2026-07-03,62.44
CUST_1013,2026-05-19,69.25
CUST_1541,2026-06-02,54.44
CUST_1598,2026-07-01,134.85
CUST_1600,2025-12-20,200.52
CUST_1197,2026-05-14,94.44
CUST_1485,2025-10-08,49.94
CUST_1044,2026-07-24,76.47
CUST_1573,2025-12-04,127.97
CUST_1069,2026-06-20,90.96
CUST_1022,2026-07-21,58.8
CUST_1296,2026-07-29,97.55
CUST_1194,2026-05-06,73.84
CUST_1525,2025-12-13,45.2
CUST_1393,2026-06-09,72.93
CUST_1211,2026-07-19,44.46
CUST_1009,2026-03-17,150.53
CUST_1537,2026-07-13,58.12
CUST_1229,2026-07-29,54.44
CUST_1151,2026-01-28,59.23
CUST_1052,2026-05-27,55.76
CUST_1547,2026-07-24,112.39
CUST_1377,2026-07-07,282.59
CUST_1270,2026-05-10,75.21
CUST_1332,2025-10-31,68.63
CUST_1286,2026-07-20,135.77
CUST_1263,2026-03-22,109.56
CUST_1452,2026-07-16,58.15
CUST_1404,2026-07-22,53.64
CUST_1377,2026-07-22,84.55
CUST_1470,2026-07-19,86.16
CUST_1288,2026-07-31,44.86
CUST_1403,2026-05-18,48.13
CUST_1436,2026-07-14,224.05
CUST_1102,2026-05-10,41.32
CUST_1012,2026-06-02,71.39
CUST_1013,2026-04-30,111.55
CUST_1254,2026-04-28,58.02
CUST_1013,2026-04-21,13.07
CUST_1555,2026-05-07,66.55
CUST_1207,2026-07-23,139.98
CUST_1167,2026-07-09,84.54
CUST_1556,2026-05-17,108.26
CUST_1045,2026-07-25,61.52
CUST_1425,2026-07-23,77.62
CUST_1293,2026-07-16,200.66
CUST_1115,2026-06-19,31.61
CUST_1369,2026-02-16,236.99
CUST_1154,2026-07-20,91.97
CUST_1435,2026-07-22,116.25
CUST_1293,2026-07-05,36.31
CUST_1377,2026-02-07,158.46
CUST_1078,2026-04-22,184.67
CUST_1150,2026-07-07,72.97
CUST_1489,2026-04-14,37.76
CUST_1285,2026-07-22,64.69
CUST_1394,2026-07-04,86.68
CUST_1423,2026-06-03,110.0
CUST_1251,2026-07-01,94.87
CUST_1504,2026-06-13,163.14
CUST_1594,2026-05-12,91.44
CUST_1224,2026-05-15,96.29
CUST_1112,2026-07-29,67.88
CUST_1142,2026-07-10,42.28
CUST_1431,2026-07-14,41.39
CUST_1146,2026-07-02,20.05
CUST_1380,2026-07-29,36.64
CUST_1488,2026-04-05,69.83
CUST_1078,2026-08-01,167.68
CUST_1186,2026-06-21,41.72
CUST_1306,2026-06-21,129.34
CUST_1013,2026-07-11,43.91
CUST_1032,2026-06-02,46.27
CUST_1405,2026-04-07,119.01
CUST_1567,2026-05-13,56.85
CUST_1313,2026-05-13,77.17
CUST_1094,2026-06-15,51.18
CUST_1224,2026-06-30,163.64
CUST_1079,2026-04-13,83.1
CUST_1414,2026-04-09,45.11
CUST_1434,2026-07-18,37.02
CUST_1343,2026-07-31,59.77
CUST_1066,2026-07-17,13.93
CUST_1192,2026-06-10,110.35
CUST_1275,2026-07-27,98.19
CUST_1495,2026-07-29,63.67
CUST_1008,2025-11-18,137.53
CUST_1512,2026-07-18,137.57
CUST_1132,2026-05-15,35.25
CUST_1515,2026-07-26,101.03
CUST_1600,2026-03-22,23.24
CUST_1474,2026-07-27,107.97
CUST_1237,2026-03-14,157.11
CUST_1164,2025-09-09,87.73
CUST_1535,2026-02-09,66.91
CUST_1347,2026-07-10,107.5
CUST_1040,2026-03-11,144.69
CUST_1213,2025-07-20,104.47
CUST_1580,2026-05-29,87.15
CUST_1146,2026-04-29,63.06
CUST_1089,2026-06-18,81.26
CUST_1302,2026-07-21,59.52
CUST_1091,2026-07-28,126.28
CUST_1484,2025-11-25,141.08
CUST_1143,2026-01-31,69.61
CUST_1418,2026-03-28,70.01
CUST_1321,2026-07-02,119.52
CUST_1269,2026-03-18,150.5
CUST_1574,2026-08-01,44.22
CUST_1074,2026-07-16,193.04
CUST_1357,2026-06-22,111.16
CUST_1476,2026-07-25,47.15
CUST_1406,2026-04-28,49.62
CUST_1324,2026-07-05,104.02
CUST_1487,2026-07-25,81.23
CUST_1481,2026-07-22,51.38
CUST_1389,2026-07-28,157.55
CUST_1484,2026-07-17,51.13
CUST_1433,2026-07-12,109.83
CUST_1070,2026-07-12,32.59
CUST_1462,2026-03-21,91.12
CUST_1265,2026-07-19,27.13
CUST_1438,2026-07-05,137.98
CUST_1357,2026-01-28,84.91
CUST_1164,2025-12-25,78.87
CUST_1584,2026-06-30,13.37
CUST_1203,2026-07-27,116.4
CUST_1331,2026-05-23,164.1
CUST_1324,2026-08-01,211.25
CUST_1511,2026-03-25,37.82
CUST_1416,2026-07-13,129.26
CUST_1128,2026-05-28,110.46
CUST_1037,2026-07-16,94.36
CUST_1386,2026-07-17,50.91
CUST_1590,2026-01-12,70.44
CUST_1309,2026-03-07,87.8
CUST_1511,2026-05-25,81.42
CUST_1360,2026-04-09,77.45
CUST_1343,2026-07-25,46.57
CUST_1181,2026-06-10,44.82
CUST_1291,2026-04-02,120.97
CUST_1290,2026-05-15,265.07
CUST_1101,2025-08-17,112.58
CUST_1421,2026-07-25,137.01
CUST_1557,2026-07-26,79.84
CUST_1033,2026-05-22,145.61
CUST_1117,2026-07-18,83.25
CUST_1475,2026-06-28,162.69
CUST_1405,2026-08-01,70.99
CUST_1290,2026-07-12,114.44
CUST_1424,2026-05-21,9.35
CUST_1033,2026-07-31,43.56
CUST_1531,2026-04-12,103.24
CUST_1585,2025-09-15,54.88
CUST_1197,2026-05-31,73.31
CUST_1591,2026-06-26,130.82
CUST_1325,2026-06-15,78.95
CUST_1129,2026-06-17,109.01
CUST_1266,2026-04-05,44.34
CUST_1095,2026-07-26,78.96
CUST_1156,2026-07-31,125.51
CUST_1080,2026-06-07,19.7
CUST_1464,2026-05-28,145.86
CUST_1227,2026-07-10,92.72
CUST_1387,2026-04-28,114.56
CUST_1147,2026-05-29,110.35
CUST_1105,2026-07-25,41.96
CUST_1184,2026-07-26,86.68
CUST_1212,2026-06-30,86.23
CUST_1075,2026-06-19,107.92
CUST_1429,2026-07-02,63.55
CUST_1164,2026-07-20,97.73
CUST_1032,2026-07-24,67.08
CUST_1559,2026-08-01,90.67
CUST_1124,2026-07-19,89.19
CUST_1373,2026-07-25,51.81
CUST_1225,2026-07-27,121.67
CUST_1280,2026-06-20,95.21
CUST_1507,2026-06-25,282.4
CUST_1256,2026-07-20,120.62
CUST_1287,2026-01-01,36.15
CUST_1319,2026-07-21,50.42
CUST_1443,2026-03-15,77.18
CUST_1326,2026-05-30,104.55
CUST_1580,2026-07-04,212.55
CUST_1460,2026-07-21,22.25
CUST_1600,2026-06-28,103.94
CUST_1543,2026-07-04,21.15
CUST_1330,2026-06-26,47.88
CUST_1220,2026-05-24,70.65
CUST_1125,2026-08-01,120.91
CUST_1218,2026-06-22,152.25
CUST_1575,2026-07-28,59.94
CUST_1222,2026-07-25,59.27
CUST_1076,2026-06-07,111.91
CUST_1445,2026-07-08,64.34
CUST_1505,2026-06-18,39.4
CUST_1334,2026-06-04,54.22
CUST_1018,2026-05-26,181.21
CUST_1472,2026-07-11,173.06
CUST_1546,2026-02-20,23.68
CUST_1071,2026-06-21,167.09
CUST_1308,2026-07-12,138.13
CUST_1569,2026-04-27,86.62
CUST_1305,2026-05-16,81.23
CUST_1124,2026-04-03,52.69
CUST_1142,2026-07-25,64.67
CUST_1446,2026-07-16,33.69
CUST_1377,2026-04-13,93.05
CUST_1053,2026-07-13,65.45
CUST_1388,2026-07-12,45.85
CUST_1471,2026-07-24,64.24
CUST_1598,2026-03-12,80.19
CUST_1540,2026-07-15,84.4
CUST_1287,2026-07-07,131.56
CUST_1270,2026-04-29,126.46
CUST_1248,2026-05-23,132.78
CUST_1079,2026-07-27,86.73
CUST_1221,2026-06-21,72.28
CUST_1348,2026-07-17,101.61
CUST_1320,2026-05-01,63.34
CUST_1157,2026-04-01,36.59
CUST_1372,2026-07-01,80.94
CUST_1207,2026-04-25,48.15
CUST_1168,2026-05-18,36.01
CUST_1109,2026-05-05,54.72
CUST_1191,2026-07-12,84.17
CUST_1360,2026-07-12,78.18
CUST_1514,2026-06-26,65.98
CUST_1378,2026-07-26,112.38
CUST_1432,2026-07-18,48.34
CUST_1282,2026-06-13,86.59
CUST_1051,2026-05-26,57.84
CUST_1103,2026-07-12,199.38
CUST_1414,2026-06-30,35.89
CUST_1274,2026-06-18,45.94
CUST_1294,2026-05-14,47.77
CUST_1488,2026-05-06,179.12
CUST_1174,2026-07-08,30.33
CUST_1466,2026-07-23,14.81
CUST_1342,2026-07-31,45.9
CUST_1009,2026-06-04,85.84
CUST_1112,2026-07-29,16.86
CUST_1297,2026-04-06,91.19
CUST_1150,2026-04-26,35.68
CUST_1343,2026-06-23,132.65
CUST_1263,2026-05-23,56.31
CUST_1361,2026-07-09,65.98
CUST_1495,2026-07-25,120.33
CUST_1021,2026-07-22,75.46
CUST_1145,2026-07-04,21.44
CUST_1441,2026-07-04,135.36
CUST_1386,2026-05-27,118.76
CUST_1460,2025-10-22,65.68
CUST_1282,2026-07-08,24.19
CUST_1351,2026-04-07,39.23
CUST_1580,2025-12-20,151.16
CUST_1008,2026-06-18,120.28
CUST_1153,2026-06-14,60.68
CUST_1166,2026-07-09,60.5
CUST_1015,2026-06-23,51.86
CUST_1126,2026-07-29,62.61
CUST_1000,2026-07-29,41.38
CUST_1514,2026-05-22,142.93
CUST_1088,2026-05-12,42.07
CUST_1442,2026-06-05,32.41
CUST_1484,2026-02-07,55.72
CUST_1395,2026-06-27,57.24
CUST_1318,2026-07-20,78.75
CUST_1592,2026-07-23,142.53
CUST_1426,2026-06-10,62.04
CUST_1580,2026-02-12,82.11
CUST_1447,2026-07-26,91.38
CUST_1515,2026-02-05,126.77
CUST_1437,2026-06-22,41.78
CUST_1248,2026-06-06,70.8
CUST_1579,2026-03-18,27.09
CUST_1128,2026-06-29,10.83
CUST_1530,2026-06-22,167.11
CUST_1341,2026-06-04,163.38
CUST_1339,2026-03-25,39.01
CUST_1523,2026-05-06,26.97
CUST_1147,2026-06-09,209.91
CUST_1158,2026-07-09,63.22
CUST_1006,2026-04-17,107.54
CUST_1068,2026-08-01,103.92
CUST_1099,2026-07-14,88.33
CUST_1124,2026-07-09,85.2
CUST_1240,2026-04-04,94.46
CUST_1449,2026-03-27,106.33
CUST_1022,2026-07-19,161.85
CUST_1174,2026-06-16,123.57
CUST_1491,2026-07-10,116.3
CUST_1504,2026-07-03,58.92
CUST_1109,2026-06-22,59.92
CUST_1398,2026-08-01,62.25
CUST_1455,2026-07-30,221.79
CUST_1479,2026-03-15,81.73
CUST_1162,2026-07-04,181.05
CUST_1357,2026-03-03,91.16
CUST_1178,2026-05-24,68.19
CUST_1347,2026-06-23,148.45
CUST_1403,2026-07-28,171.84
CUST_1483,2026-06-02,47.16
CUST_1519,2026-04-26,91.21
CUST_1331,2026-06-05,99.95
CUST_1413,2026-07-28,21.03
CUST_1237,2026-07-26,36.67
CUST_1487,2026-07-07,53.62
CUST_1242,2026-07-25,197.94
CUST_1393,2026-05-02,76.7
CUST_1256,2026-07-25,141.14
CUST_1030,2026-02-15,64.46
CUST_1386,2026-07-23,110.16
CUST_1200,2026-07-14,78.97
CUST_1206,2026-05-05,78.52
CUST_1196,2026-07-27,19.36
CUST_1098,2026-07-18,158.16
CUST_1368,2026-04-27,97.89
CUST_1348,2026-07-19,131.32
CUST_1540,2026-06-18,168.34
CUST_1485,2026-06-17,68.75
CUST_1141,2026-04-18,79.15
CUST_1072,2026-06-08,39.86
CUST_1103,2026-07-24,53.5
CUST_1338,2026-07-31,163.1
CUST_1257,2026-06-30,68.93
CUST_1161,2025-12-21,31.33
CUST_1530,2026-02-08,87.51
CUST_1058,2026-06-11,207.01
CUST_1269,2026-05-25,21.83
CUST_1205,2026-07-06,141.58
CUST_1560,2026-04-13,65.48
CUST_1063,2026-07-15,30.99
CUST_1036,2026-07-05,30.58
CUST_1082,2026-03-12,84.52
CUST_1042,2026-07-25,87.02
CUST_1358,2026-06-26,62.32
CUST_1233,2026-07-31,27.48
CUST_1200,2026-06-13,183.78
CUST_1018,2026-06-10,26.78
CUST_1128,2026-06-26,77.58
CUST_1448,2026-07-24,106.06
CUST_1360,2026-07-19,78.84
CUST_1237,2026-07-26,13.43
CUST_1549,2026-06-08,128.62
CUST_1078,2026-07-29,79.11
CUST_1321,2026-07-05,113.72
CUST_1299,2026-07-23,73.88
CUST_1078,2026-07-27,124.94
CUST_1225,2026-06-24,62.24
CUST_1564,2026-07-10,113.4
CUST_1273,2026-07-08,93.64
CUST_1354,2026-03-05,125.0
CUST_1286,2026-07-27,227.35
CUST_1533,2026-07-15,134.65
CUST_1381,2026-05-10,54.06
CUST_1464,2026-01-15,18.34
CUST_1276,2026-07-11,72.17
CUST_1086,2026-07-28,180.3
CUST_1019,2026-03-25,72.23
CUST_1210,2026-07-01,114.7
CUST_1312,2026-07-30,141.03
CUST_1344,2026-02-16,222.21
CUST_1221,2026-05-01,66.86
CUST_1444,2026-03-24,147.61
CUST_1058,2026-04-16,95.49
CUST_1294,2026-03-27,98.6
CUST_1531,2026-07-13,119.61
CUST_1255,2026-04-28,61.41
CUST_1039,2026-05-31,69.39
CUST_1012,2026-07-24,97.92
CUST_1270,2026-04-01,79.8
CUST_1009,2026-06-22,28.16
CUST_1283,2026-03-07,95.2
CUST_1451,2026-07-20,141.98
CUST_1506,2026-07-24,108.8
CUST_1050,2026-07-15,113.6
CUST_1518,2026-03-26,99.81
CUST_1233,2026-07-28,127.26
CUST_1263,2026-07-31,174.82
CUST_1553,2026-05-11,103.35
CUST_1079,2026-06-17,37.76
CUST_1208,2026-07-07,70.58
CUST_1425,2026-07-28,77.53
CUST_1025,2026-07-07,149.61
CUST_1417,2026-03-07,70.99
CUST_1301,2026-05-30,44.51
CUST_1153,2026-02-25,19.78
CUST_1320,2026-06-16,147.0
CUST_1595,2026-05-12,100.27
CUST_1153,2026-07-01,31.8
CUST_1229,2026-06-08,132.41
CUST_1124,2026-04-01,91.56
CUST_1483,2026-05-24,90.46
CUST_1199,2026-04-06,61.08
CUST_1248,2026-04-19,63.7
CUST_1246,2026-06-24,32.23
CUST_1078,2026-02-23,113.34
CUST_1459,2026-04-23,53.4
CUST_1128,2026-02-14,55.26
CUST_1598,2026-05-22,104.23
CUST_1349,2026-07-08,32.55
CUST_1151,2026-06-07,109.24
CUST_1184,2026-03-19,57.5
CUST_1481,2026-05-05,78.17
CUST_1074,2026-07-23,188.02
CUST_1432,2026-07-04,74.44
CUST_1300,2026-07-24,212.11
CUST_1110,2025-09-01,25.2
CUST_1363,2026-01-19,134.31
CUST_1488,2026-05-15,132.27
CUST_1521,2026-07-27,210.41
CUST_1378,2026-05-21,81.09
CUST_1180,2026-06-16,101.19
CUST_1099,2026-07-15,86.55
CUST_1530,2026-03-07,99.8
CUST_1436,2026-07-11,72.15
CUST_1146,2026-07-30,279.51
CUST_1215,2026-06-26,59.3
CUST_1321,2026-07-26,60.08
CUST_1280,2026-06-19,52.64
CUST_1265,2025-10-13,138.07
CUST_1285,2026-07-23,50.55
CUST_1172,2026-07-31,217.09
CUST_1552,2026-06-12,49.07
CUST_1026,2026-07-03,59.73
CUST_1436,2026-05-08,90.54
CUST_1302,2026-02-20,127.7
CUST_1122,2026-06-24,78.28
CUST_1140,2025-09-12,131.77
CUST_1362,2026-04-18,135.34
CUST_1076,2026-07-07,88.51
CUST_1525,2026-05-21,31.21
CUST_1039,2026-06-26,64.02
CUST_1036,2026-01-20,108.22
CUST_1600,2026-07-02,57.73
CUST_1191,2026-05-08,59.82
CUST_1090,2026-01-18,181.85
CUST_1003,2026-06-25,86.18
CUST_1182,2026-07-30,120.84
CUST_1597,2026-07-15,67.8
CUST_1184,2026-03-18,172.55
CUST_1496,2026-06-19,108.74
CUST_1556,2026-06-20,35.12
CUST_1294,2026-06-27,80.24
CUST_1435,2026-07-24,82.6
CUST_1116,2026-07-05,73.91
CUST_1495,2026-04-04,186.14
CUST_1240,2026-07-31,58.05
CUST_1418,2026-07-28,143.9
CUST_1325,2026-06-28,157.75
CUST_1266,2026-02-24,58.1
CUST_1347,2026-05-28,25.29
CUST_1226,2026-06-07,45.34
CUST_1112,2026-01-21,105.63
CUST_1552,2026-07-31,129.25
CUST_1092,2026-04-25,65.93
CUST_1566,2026-07-28,26.12
CUST_1548,2026-07-18,44.06
CUST_1234,2026-07-10,44.65
CUST_1423,2026-07-17,132.24
CUST_1036,2026-04-02,138.57
CUST_1513,2026-06-30,85.37
CUST_1308,2026-07-31,109.03
CUST_1034,2026-07-12,39.34
CUST_1410,2026-07-23,134.26
CUST_1086,2026-07-27,88.15
CUST_1425,2026-07-31,134.87
CUST_1155,2026-07-26,101.21
CUST_1319,2026-04-24,77.36
CUST_1309,2026-07-12,50.02
CUST_1590,2026-06-21,60.86
CUST_1416,2026-06-09,85.15
CUST_1546,2026-06-17,71.95
CUST_1403,2026-01-17,140.93
CUST_1463,2026-07-16,53.69
CUST_1576,2026-07-25,63.19
CUST_1085,2026-07-26,45.7
CUST_1501,2026-06-04,32.97
CUST_1484,2026-06-14,172.01
CUST_1060,2026-04-29,56.12
CUST_1345,2026-04-07,23.0
CUST_1416,2026-03-21,58.07
CUST_1575,2026-04-21,94.28
CUST_1241,2026-07-07,125.83
CUST_1083,2026-02-17,77.43
CUST_1130,2026-05-02,44.75
CUST_1170,2026-07-18,108.01
CUST_1143,2026-05-04,94.51
CUST_1303,2026-07-24,64.61
CUST_1577,2026-05-25,41.92
CUST_1209,2026-04-18,104.05
CUST_1215,2026-02-04,91.06
CUST_1010,2026-07-08,47.01
CUST_1005,2026-07-08,48.11
CUST_1550,2026-06-23,34.82
CUST_1160,2026-07-28,109.95
CUST_1353,2026-05-29,162.84
CUST_1598,2026-05-09,70.08
CUST_1260,2026-06-09,110.98
CUST_1156,2026-07-25,51.75
CUST_1577,2026-07-25,152.89
CUST_1392,2026-07-06,143.96
CUST_1283,2025-12-23,133.34
CUST_1484,2026-07-17,51.75
CUST_1150,2026-07-22,31.88
CUST_1140,2026-06-16,79.25
CUST_1334,2026-07-09,140.08
CUST_1402,2026-07-02,72.34
CUST_1319,2026-04-05,63.96
CUST_1219,2026-01-11,126.45
CUST_1573,2026-06-25,122.49
CUST_1123,2026-06-09,78.69
CUST_1025,2026-03-24,180.77
CUST_1354,2026-05-09,51.42
CUST_1195,2026-07-01,46.99
CUST_1010,2026-07-18,69.3
CUST_1600,2026-07-08,34.72
CUST_1259,2026-06-17,14.94
CUST_1281,2026-05-27,73.94
CUST_1259,2026-07-12,27.88
CUST_1031,2026-03-25,247.81
CUST_1465,2026-06-19,83.78
CUST_1558,2026-04-16,133.04
CUST_1134,2026-07-27,79.74
CUST_1321,2026-07-26,94.05
CUST_1198,2026-05-24,133.39
CUST_1324,2026-03-06,45.7
CUST_1375,2026-06-15,171.01
CUST_1066,2026-07-19,140.49
CUST_1273,2026-07-27,79.74
CUST_1203,2026-05-18,75.32
CUST_1003,2026-07-08,96.64
CUST_1477,2026-06-08,122.78
CUST_1474,2026-07-27,33.41
CUST_1020,2026-04-29,149.82
CUST_1383,2026-06-22,195.26
CUST_1315,2026-04-05,111.12
CUST_1195,2026-05-04,133.57
CUST_1388,2026-05-14,46.85
CUST_1323,2026-06-28,49.59
CUST_1265,2026-05-16,57.64
CUST_1592,2026-07-03,144.09
CUST_1174,2026-07-30,169.49
CUST_1550,2026-06-08,111.86
CUST_1295,2026-07-17,123.58
CUST_1275,2026-07-26,144.43
CUST_1478,2026-07-13,108.95
CUST_1478,2026-06-05,70.69
CUST_1034,2026-07-07,36.42
CUST_1008,2026-07-21,84.07
CUST_1102,2026-07-19,68.94
CUST_1559,2026-07-19,18.5
CUST_1467,2026-06-04,122.35
CUST_1484,2026-04-07,56.19
CUST_1345,2026-06-20,74.3
CUST_1239,2026-04-30,76.82
CUST_1591,2026-06-29,20.73
CUST_1307,2026-03-13,49.49
CUST_1142,2026-07-23,65.91
CUST_1092,2026-07-08,141.93
CUST_1469,2026-06-30,82.03
CUST_1205,2026-03-15,62.07
CUST_1241,2026-03-28,78.84
CUST_1157,2026-05-18,175.23
CUST_1488,2026-07-21,35.67
CUST_1403,2026-05-16,167.82
CUST_1098,2026-07-01,64.12
CUST_1409,2026-04-27,212.67
CUST_1434,2026-06-03,92.52
CUST_1600,2026-07-31,54.06
CUST_1513,2026-04-11,105.13
CUST_1079,2026-05-26,41.43
CUST_1216,2026-07-09,34.51
CUST_1184,2026-06-26,60.1
CUST_1492,2026-07-30,44.94
CUST_1108,2026-06-22,32.75
CUST_1103,2026-05-24,74.72
CUST_1164,2026-07-08,98.94
CUST_1465,2026-08-01,113.43
CUST_1432,2026-04-28,62.27
CUST_1118,2026-06-02,155.06
CUST_1381,2026-04-25,126.62
CUST_1373,2026-07-25,46.96
CUST_1392,2026-03-22,56.83
CUST_1465,2026-06-25,82.6
CUST_1501,2026-06-22,26.32
CUST_1378,2026-07-14,66.43
CUST_1024,2026-06-12,46.95
CUST_1017,2026-06-24,61.63
CUST_1114,2026-07-04,23.03
CUST_1254,2026-07-20,92.65
CUST_1148,2026-05-28,78.13
CUST_1469,2026-05-18,55.16
CUST_1536,2026-06-08,24.07
CUST_1039,2026-07-22,77.02
CUST_1263,2026-05-10,227.7
CUST_1196,2026-06-08,93.29
CUST_1050,2026-07-02,83.71
CUST_1447,2026-07-12,121.04
CUST_1513,2026-05-21,104.07
CUST_1291,2026-07-12,75.06
CUST_1424,2026-05-24,58.87
CUST_1325,2026-07-26,52.79
CUST_1226,2026-07-28,60.45
CUST_1471,2026-06-05,109.65
CUST_1398,2026-06-21,96.18
CUST_1327,2026-07-05,79.87
CUST_1510,2026-07-17,123.12
CUST_1261,2026-06-29,114.86
CUST_1080,2026-05-29,96.77
CUST_1212,2026-05-04,91.84
CUST_1322,2026-06-23,82.95
CUST_1598,2026-07-21,68.16
CUST_1023,2026-05-03,59.97
CUST_1240,2026-07-02,93.05
CUST_1126,2026-07-26,51.98
CUST_1584,2026-07-10,186.71
CUST_1410,2026-06-11,68.21
CUST_1285,2026-07-07,69.57
CUST_1325,2026-06-17,92.28
CUST_1413,2026-06-18,82.48
CUST_1460,2026-07-21,8.54
CUST_1475,2026-05-24,119.78
CUST_1594,2026-05-25,109.97
CUST_1141,2026-06-01,87.98
CUST_1584,2026-05-08,55.87
CUST_1483,2026-05-19,103.49
CUST_1398,2026-06-10,185.77
CUST_1165,2026-06-23,129.47
CUST_1483,2026-02-03,61.07
CUST_1211,2026-06-06,81.85
CUST_1454,2025-10-08,152.83
CUST_1512,2026-05-27,155.57
CUST_1163,2026-07-14,136.61
CUST_1416,2026-03-23,30.51
CUST_1266,2026-03-15,93.01
CUST_1546,2026-05-12,79.1
CUST_1061,2026-07-10,73.95
CUST_1040,2026-07-03,127.79
CUST_1450,2026-06-26,39.4
CUST_1268,2026-05-01,99.79
CUST_1173,2026-07-03,113.99
CUST_1248,2026-04-20,50.96
CUST_1075,2026-06-23,125.88
CUST_1266,2026-07-05,121.12
CUST_1461,2026-05-15,97.88
CUST_1143,2026-07-22,60.52
CUST_1379,2026-06-09,127.07
CUST_1162,2026-06-08,62.48
CUST_1301,2026-07-22,104.57
CUST_1263,2026-05-28,20.57
CUST_1310,2026-07-22,14.49
CUST_1520,2026-05-05,106.57
CUST_1352,2026-05-26,101.03
CUST_1535,2026-07-02,187.05
CUST_1173,2026-03-21,84.97
CUST_1388,2026-08-01,63.03
CUST_1284,2026-06-02,130.99
CUST_1201,2026-07-04,81.86
CUST_1012,2026-04-04,175.27
CUST_1536,2026-03-06,134.5
CUST_1033,2026-06-29,35.49
CUST_1068,2026-07-12,93.07
CUST_1057,2026-06-24,90.84
CUST_1187,2026-05-17,112.82
CUST_1467,2026-07-20,59.2
CUST_1065,2026-03-01,40.64
CUST_1212,2026-07-16,100.78
CUST_1475,2026-07-26,84.45
CUST_1487,2026-07-18,93.78
CUST_1498,2026-07-09,13.18
CUST_1114,2026-05-11,79.64
CUST_1467,2025-09-20,56.09
CUST_1277,2026-06-18,46.66
CUST_1526,2026-07-11,111.71
CUST_1544,2026-07-14,58.94
CUST_1316,2026-05-30,37.49
CUST_1186,2026-06-19,64.23
CUST_1481,2026-06-18,46.96
CUST_1311,2026-07-26,120.6
CUST_1198,2026-04-25,140.98
CUST_1513,2026-07-09,142.13
CUST_1307,2026-02-12,50.98
CUST_1331,2026-07-21,142.12
CUST_1161,2026-06-01,44.08
CUST_1485,2026-05-25,149.82
CUST_1275,2026-07-16,57.44
CUST_1310,2026-07-02,62.66
CUST_1322,2026-06-24,77.38
CUST_1427,2026-08-01,75.26
CUST_1143,2025-12-05,124.71
CUST_1262,2026-07-10,70.84
CUST_1391,2026-07-07,96.55
CUST_1220,2026-05-31,79.31
CUST_1076,2026-07-14,64.98
CUST_1481,2026-01-16,72.9
CUST_1498,2026-07-14,67.07
CUST_1448,2026-02-15,37.43
CUST_1075,2026-07-07,145.06
CUST_1155,2026-03-20,101.48
CUST_1575,2026-07-27,55.29
CUST_1266,2026-06-10,161.3
CUST_1143,2026-04-27,30.05
CUST_1321,2026-01-09,69.33
CUST_1219,2026-07-19,83.08
CUST_1341,2026-07-18,103.89
CUST_1143,2026-07-24,75.52
CUST_1498,2026-04-20,97.47
CUST_1516,2026-03-20,65.18
CUST_1289,2026-06-07,109.57
CUST_1578,2026-07-26,96.28
CUST_1162,2026-04-19,142.35
CUST_1283,2026-06-22,204.9
CUST_1155,2026-05-25,31.01
CUST_1347,2026-06-23,147.08
CUST_1442,2026-03-11,74.34
CUST_1399,2026-07-31,52.84
CUST_1265,2026-03-29,100.56
CUST_1545,2026-06-23,115.85
CUST_1588,2026-02-14,208.28
CUST_1590,2026-07-22,144.29
CUST_1185,2026-07-26,92.42
CUST_1040,2026-04-25,93.43
CUST_1335,2026-03-22,49.9
CUST_1277,2026-07-15,237.0
CUST_1027,2026-07-23,169.21
CUST_1454,2026-03-23,26.12
CUST_1203,2026-07-18,71.71
CUST_1095,2025-12-18,88.46
CUST_1528,2026-07-24,85.96
CUST_1324,2026-06-28,50.99
CUST_1519,2026-07-04,56.52
CUST_1467,2026-07-31,71.65
CUST_1102,2026-07-04,78.53
CUST_1307,2026-07-16,123.95
CUST_1399,2026-03-19,16.22
CUST_1331,2026-07-29,13.0
CUST_1143,2026-05-16,155.04
CUST_1300,2026-07-02,76.04
CUST_1176,2026-07-20,90.2
CUST_1185,2026-07-03,243.96
CUST_1030,2026-06-18,62.64
CUST_1271,2026-05-30,20.72
CUST_1147,2026-02-23,25.49
CUST_1537,2026-07-20,35.7
CUST_1228,2026-07-26,84.09
CUST_1549,2026-06-25,181.7
CUST_1000,2026-07-08,83.24
CUST_1131,2026-07-07,93.42
CUST_1098,2026-06-20,136.64
CUST_1200,2026-07-24,89.63
CUST_1146,2026-07-16,32.67
CUST_1413,2026-07-11,105.94
CUST_1256,2026-07-19,114.58
CUST_1473,2026-05-22,90.39
CUST_1273,2026-05-01,40.52
CUST_1148,2026-06-06,25.85
CUST_1186,2026-08-01,109.62
CUST_1243,2026-07-21,64.63
CUST_1495,2026-03-28,48.12
CUST_1591,2026-06-29,57.43
CUST_1286,2026-05-24,89.6
CUST_1190,2026-07-13,156.91
CUST_1562,2026-06-23,35.11
CUST_1531,2026-07-13,147.38
CUST_1026,2025-12-27,39.72
CUST_1468,2026-04-08,38.83
CUST_1129,2026-03-20,62.76
CUST_1084,2025-12-24,162.51
CUST_1523,2026-07-18,16.58
CUST_1362,2026-06-14,146.67
CUST_1543,2026-06-14,154.2
CUST_1235,2026-05-17,44.29
CUST_1231,2026-04-03,137.35
CUST_1434,2026-03-27,59.31
CUST_1410,2026-07-10,215.51
CUST_1487,2026-06-21,41.15
CUST_1000,2026-07-27,125.7
CUST_1213,2026-02-16,105.59
CUST_1060,2026-05-02,41.74
CUST_1164,2026-04-29,156.91
CUST_1248,2026-06-30,44.39
CUST_1198,2026-07-14,68.01
CUST_1282,2026-07-23,74.33
CUST_1599,2026-01-26,43.35
CUST_1282,2026-05-01,63.26
CUST_1482,2026-07-15,79.07
CUST_1554,2026-05-05,81.2
CUST_1349,2026-03-19,108.15
CUST_1172,2026-03-19,121.64
CUST_1298,2026-07-16,36.17
CUST_1371,2026-07-15,177.63
CUST_1442,2026-06-27,110.29
CUST_1286,2026-04-03,132.0
CUST_1520,2026-07-07,116.19
CUST_1365,2026-07-27,35.86
CUST_1248,2026-06-05,52.36
CUST_1272,2026-07-25,147.02
CUST_1574,2026-06-02,97.46
CUST_1391,2026-07-30,36.92
CUST_1100,2026-06-07,38.41
CUST_1369,2026-06-06,125.94
CUST_1403,2026-05-11,23.87
CUST_1450,2026-03-30,98.72
CUST_1408,2026-04-14,108.38
CUST_1026,2026-07-17,47.21
CUST_1336,2026-07-26,238.04
CUST_1467,2026-03-31,56.3
CUST_1352,2026-07-04,148.0
CUST_1269,2026-04-28,44.54
CUST_1560,2026-05-26,134.31
CUST_1176,2026-04-02,106.19
CUST_1233,2026-07-08,62.62
CUST_1092,2026-05-27,63.47
CUST_1190,2026-05-02,49.96
CUST_1497,2026-07-04,156.46
CUST_1163,2026-01-05,64.66
CUST_1595,2026-07-08,88.38
CUST_1303,2026-05-02,93.15
CUST_1077,2026-07-18,34.12
CUST_1414,2026-03-30,42.51
CUST_1362,2026-06-30,98.19
CUST_1230,2026-06-25,24.1
CUST_1280,2026-07-31,52.75
CUST_1224,2026-07-14,52.91
CUST_1221,2026-07-22,61.53
CUST_1494,2026-04-05,76.0
CUST_1581,2026-07-19,47.9
CUST_1409,2026-05-29,204.26
CUST_1267,2026-05-14,57.52
CUST_1240,2026-07-07,68.82
CUST_1137,2026-07-07,165.94
CUST_1551,2026-06-06,35.13
CUST_1519,2026-05-13,92.71
CUST_1233,2026-05-11,128.03
CUST_1567,2026-04-12,52.68
CUST_1054,2026-06-22,79.02
CUST_1066,2026-01-15,45.98
CUST_1572,2026-05-25,68.5
CUST_1282,2026-06-08,127.02
CUST_1136,2025-10-27,51.6
CUST_1551,2026-05-16,62.47
CUST_1520,2026-01-23,42.3
CUST_1600,2026-07-08,11.42
CUST_1366,2026-06-05,29.19
CUST_1165,2026-05-08,55.73
CUST_1183,2026-04-06,21.02
CUST_1122,2026-07-06,34.72
CUST_1396,2026-04-17,71.81
CUST_1351,2026-07-19,63.26
CUST_1440,2026-03-17,87.45
CUST_1411,2026-07-18,68.11
CUST_1083,2026-07-06,137.57
CUST_1020,2026-03-17,28.64
CUST_1382,2026-07-26,6.53
CUST_1012,2026-08-01,72.24
CUST_1581,2026-06-09,183.2
CUST_1193,2026-05-28,87.24
CUST_1353,2026-07-26,119.74
CUST_1383,2026-06-07,206.69
CUST_1181,2026-06-16,160.02
CUST_1039,2026-02-05,203.95
CUST_1123,2026-04-17,63.32
CUST_1357,2026-05-19,101.54
CUST_1102,2026-06-18,103.87
CUST_1345,2026-02-02,72.75
CUST_1119,2026-05-22,29.56
CUST_1144,2026-07-15,74.69
CUST_1491,2026-04-15,224.65
CUST_1101,2026-04-01,34.19
CUST_1539,2026-06-09,124.19
CUST_1559,2026-05-27,59.81
CUST_1202,2026-07-10,108.04
CUST_1386,2026-07-27,96.75
CUST_1313,2026-06-18,148.95
CUST_1056,2026-06-14,24.32
CUST_1314,2026-03-10,136.38
CUST_1177,2026-05-27,133.9
CUST_1048,2025-12-23,72.26
CUST_1550,2026-07-29,164.97
CUST_1520,2026-06-14,46.89
CUST_1045,2026-02-26,35.46
CUST_1226,2026-05-12,31.0
CUST_1211,2026-06-07,105.58
CUST_1390,2026-07-18,121.16
CUST_1004,2026-03-02,114.63
CUST_1338,2025-11-04,70.63
CUST_1045,2026-07-21,103.03
CUST_1264,2026-03-16,77.06
CUST_1317,2026-07-18,196.36
CUST_1279,2026-06-28,13.53
CUST_1386,2026-07-11,215.63
CUST_1499,2026-07-14,13.64
CUST_1042,2026-05-16,80.5
CUST_1228,2026-07-28,37.94
CUST_1500,2026-07-28,92.95
CUST_1262,2026-01-11,127.38
CUST_1291,2026-06-13,60.07
CUST_1111,2026-04-30,73.51
CUST_1206,2026-01-19,95.72
CUST_1130,2026-06-15,22.78
CUST_1114,2026-07-16,140.88
CUST_1247,2026-06-25,70.52
CUST_1452,2026-06-03,24.17
CUST_1193,2026-04-28,46.53
CUST_1057,2026-06-30,43.52
CUST_1065,2026-07-16,108.21
CUST_1449,2026-07-31,79.37
CUST_1541,2026-07-10,44.61
CUST_1325,2026-07-29,120.1
CUST_1547,2026-07-31,128.79
CUST_1329,2026-07-02,42.19
CUST_1239,2026-08-01,72.59
CUST_1229,2026-04-30,22.64
CUST_1020,2026-05-25,225.93
CUST_1395,2026-07-11,106.13
CUST_1243,2026-05-19,105.5
CUST_1465,2026-06-20,60.33
CUST_1397,2025-04-30,18.21
CUST_1147,2026-07-30,75.47
CUST_1232,2025-10-21,39.54
CUST_1213,2026-01-29,76.84
CUST_1463,2026-06-24,72.7
CUST_1333,2026-05-22,40.72
CUST_1251,2026-07-17,48.53
CUST_1372,2026-03-05,94.69
CUST_1418,2026-07-02,62.74
CUST_1481,2026-07-25,113.11
CUST_1422,2026-07-29,51.84
CUST_1160,2026-05-23,50.5
CUST_1176,2026-07-12,135.83
CUST_1159,2026-05-27,99.0
CUST_1154,2026-06-28,83.12
CUST_1133,2026-04-30,85.62
CUST_1543,2026-05-07,194.32
CUST_1066,2026-07-27,12.64
CUST_1054,2026-07-06,34.02
CUST_1365,2026-07-18,43.18
CUST_1067,2026-07-03,166.32
CUST_1179,2026-07-10,35.92
CUST_1155,2026-07-21,38.56
CUST_1419,2026-07-21,95.33
CUST_1287,2026-05-17,218.22
CUST_1150,2026-02-27,84.26
CUST_1600,2026-05-18,161.59
CUST_1598,2026-06-07,80.26
CUST_1503,2026-01-23,97.65
CUST_1087,2026-03-13,30.22
CUST_1307,2026-05-20,259.9
CUST_1201,2026-01-02,64.41
CUST_1085,2026-07-04,107.2
CUST_1173,2026-07-03,56.21
CUST_1532,2026-03-02,19.09
CUST_1170,2026-07-29,54.51
CUST_1459,2025-08-05,66.44
CUST_1469,2026-05-23,65.88
CUST_1010,2026-05-07,17.57
CUST_1481,2026-07-01,22.86
CUST_1384,2026-07-06,155.35
CUST_1434,2026-06-29,67.0
CUST_1267,2026-06-10,85.92
CUST_1460,2026-02-19,33.13
CUST_1326,2026-03-26,40.05
CUST_1248,2026-07-27,70.83
CUST_1242,2026-04-25,15.15
CUST_1072,2026-07-21,108.0
CUST_1471,2026-05-29,65.64
